The system is: Linux - 6.5.0-44-generic - x86_64
Compiling the C compiler identification source file "CMakeCCompilerId.c" succeeded.
Compiler: /usr/bin/cc 
Build flags: 
Id flags:  

The output was:
0


Compilation of the C compiler identification source "CMakeCCompilerId.c" produced "a.out"

The C compiler identification is GNU, found in "/home/wys/Desktop/VScode_Template/c_template/ws/build/CMakeFiles/3.22.1/CompilerIdC/a.out"

Compiling the CXX compiler identification source file "CMakeCXXCompilerId.cpp" succeeded.
Compiler: /usr/bin/c++ 
Build flags: 
Id flags:  

The output was:
0


Compilation of the CXX compiler identification source "CMakeCXXCompilerId.cpp" produced "a.out"

The CXX compiler identification is GNU, found in "/home/wys/Desktop/VScode_Template/c_template/ws/build/CMakeFiles/3.22.1/CompilerIdCXX/a.out"

Detecting C compiler ABI info compiled with the following output:
Change Dir: /home/wys/Desktop/VScode_Template/c_template/ws/build/CMakeFiles/CMakeTmp

Run Build Command(s):/usr/bin/gmake -f Makefile cmTC_ad439/fast && /usr/bin/gmake  -f CMakeFiles/cmTC_ad439.dir/build.make CMakeFiles/cmTC_ad439.dir/build
gmake[1]: Entering directory '/home/wys/Desktop/VScode_Template/c_template/ws/build/CMakeFiles/CMakeTmp'
Building C object CMakeFiles/cmTC_ad439.dir/CMakeCCompilerABI.c.o
/usr/bin/cc   -v -o CMakeFiles/cmTC_ad439.dir/CMakeCCompilerABI.c.o -c /usr/share/cmake-3.22/Modules/CMakeCCompilerABI.c
Using built-in specs.
COLLECT_GCC=/usr/bin/cc
OFFLOAD_TARGET_NAMES=nvptx-none:amdgcn-amdhsa
OFFLOAD_TARGET_DEFAULT=1
Target: x86_64-linux-gnu
Configured with: ../src/configure -v --with-pkgversion='Ubuntu 12.3.0-1ubuntu1~22.04' --with-bugurl=file:///usr/share/doc/gcc-12/README.Bugs --enable-languages=c,ada,c++,go,d,fortran,objc,obj-c++,m2 --prefix=/usr --with-gcc-major-version-only --program-suffix=-12 --program-prefix=x86_64-linux-gnu- --enable-shared --enable-linker-build-id --libexecdir=/usr/lib --without-included-gettext --enable-threads=posix --libdir=/usr/lib --enable-nls --enable-clocale=gnu --enable-libstdcxx-debug --enable-libstdcxx-time=yes --with-default-libstdcxx-abi=new --enable-gnu-unique-object --disable-vtable-verify --enable-plugin --enable-default-pie --with-system-zlib --enable-libphobos-checking=release --with-target-system-zlib=auto --enable-objc-gc=auto --enable-multiarch --disable-werror --enable-cet --with-arch-32=i686 --with-abi=m64 --with-multilib-list=m32,m64,mx32 --enable-multilib --with-tune=generic --enable-offload-targets=nvptx-none=/build/gcc-12-ALHxjy/gcc-12-12.3.0/debian/tmp-nvptx/usr,amdgcn-amdhsa=/build/gcc-12-ALHxjy/gcc-12-12.3.0/debian/tmp-gcn/usr --enable-offload-defaulted --without-cuda-driver --enable-checking=release --build=x86_64-linux-gnu --host=x86_64-linux-gnu --target=x86_64-linux-gnu
Thread model: posix
Supported LTO compression algorithms: zlib zstd
gcc version 12.3.0 (Ubuntu 12.3.0-1ubuntu1~22.04) 
COLLECT_GCC_OPTIONS='-v' '-o' 'CMakeFiles/cmTC_ad439.dir/CMakeCCompilerABI.c.o' '-c' '-mtune=generic' '-march=x86-64' '-dumpdir' 'CMakeFiles/cmTC_ad439.dir/'
 /usr/lib/gcc/x86_64-linux-gnu/12/cc1 -quiet -v -imultiarch x86_64-linux-gnu /usr/share/cmake-3.22/Modules/CMakeCCompilerABI.c -quiet -dumpdir CMakeFiles/cmTC_ad439.dir/ -dumpbase CMakeCCompilerABI.c.c -dumpbase-ext .c -mtune=generic -march=x86-64 -version -fasynchronous-unwind-tables -fstack-protector-strong -Wformat -Wformat-security -fstack-clash-protection -fcf-protection -o /tmp/ccRHH6sE.s
GNU C17 (Ubuntu 12.3.0-1ubuntu1~22.04) version 12.3.0 (x86_64-linux-gnu)
	compiled by GNU C version 12.3.0, GMP version 6.2.1, MPFR version 4.1.0, MPC version 1.2.1, isl version isl-0.24-GMP

GGC heuristics: --param ggc-min-expand=100 --param ggc-min-heapsize=131072
ignoring nonexistent directory "/usr/local/include/x86_64-linux-gnu"
ignoring nonexistent directory "/usr/lib/gcc/x86_64-linux-gnu/12/include-fixed"
ignoring nonexistent directory "/usr/lib/gcc/x86_64-linux-gnu/12/../../../../x86_64-linux-gnu/include"
#include "..." search starts here:
#include <...> search starts here:
 /usr/lib/gcc/x86_64-linux-gnu/12/include
 /usr/local/include
 /usr/include/x86_64-linux-gnu
 /usr/include
End of search list.
GNU C17 (Ubuntu 12.3.0-1ubuntu1~22.04) version 12.3.0 (x86_64-linux-gnu)
	compiled by GNU C version 12.3.0, GMP version 6.2.1, MPFR version 4.1.0, MPC version 1.2.1, isl version isl-0.24-GMP

GGC heuristics: --param ggc-min-expand=100 --param ggc-min-heapsize=131072
Compiler executable checksum: d93534411cccf908c6f3926ba41cb359
COLLECT_GCC_OPTIONS='-v' '-o' 'CMakeFiles/cmTC_ad439.dir/CMakeCCompilerABI.c.o' '-c' '-mtune=generic' '-march=x86-64' '-dumpdir' 'CMakeFiles/cmTC_ad439.dir/'
 as -v --64 -o CMakeFiles/cmTC_ad439.dir/CMakeCCompilerABI.c.o /tmp/ccRHH6sE.s
GNU assembler version 2.38 (x86_64-linux-gnu) using BFD version (GNU Binutils for Ubuntu) 2.38
COMPILER_PATH=/usr/lib/gcc/x86_64-linux-gnu/12/:/usr/lib/gcc/x86_64-linux-gnu/12/:/usr/lib/gcc/x86_64-linux-gnu/:/usr/lib/gcc/x86_64-linux-gnu/12/:/usr/lib/gcc/x86_64-linux-gnu/
LIBRARY_PATH=/usr/lib/gcc/x86_64-linux-gnu/12/:/usr/lib/gcc/x86_64-linux-gnu/12/../../../x86_64-linux-gnu/:/usr/lib/gcc/x86_64-linux-gnu/12/../../../../lib/:/lib/x86_64-linux-gnu/:/lib/../lib/:/usr/lib/x86_64-linux-gnu/:/usr/lib/../lib/:/usr/lib/gcc/x86_64-linux-gnu/12/../../../:/lib/:/usr/lib/
COLLECT_GCC_OPTIONS='-v' '-o' 'CMakeFiles/cmTC_ad439.dir/CMakeCCompilerABI.c.o' '-c' '-mtune=generic' '-march=x86-64' '-dumpdir' 'CMakeFiles/cmTC_ad439.dir/CMakeCCompilerABI.c.'
Linking C executable cmTC_ad439
/usr/bin/cmake -E cmake_link_script CMakeFiles/cmTC_ad439.dir/link.txt --verbose=1
/usr/bin/cc  -v -rdynamic CMakeFiles/cmTC_ad439.dir/CMakeCCompilerABI.c.o -o cmTC_ad439 
Using built-in specs.
COLLECT_GCC=/usr/bin/cc
COLLECT_LTO_WRAPPER=/usr/lib/gcc/x86_64-linux-gnu/12/lto-wrapper
OFFLOAD_TARGET_NAMES=nvptx-none:amdgcn-amdhsa
OFFLOAD_TARGET_DEFAULT=1
Target: x86_64-linux-gnu
Configured with: ../src/configure -v --with-pkgversion='Ubuntu 12.3.0-1ubuntu1~22.04' --with-bugurl=file:///usr/share/doc/gcc-12/README.Bugs --enable-languages=c,ada,c++,go,d,fortran,objc,obj-c++,m2 --prefix=/usr --with-gcc-major-version-only --program-suffix=-12 --program-prefix=x86_64-linux-gnu- --enable-shared --enable-linker-build-id --libexecdir=/usr/lib --without-included-gettext --enable-threads=posix --libdir=/usr/lib --enable-nls --enable-clocale=gnu --enable-libstdcxx-debug --enable-libstdcxx-time=yes --with-default-libstdcxx-abi=new --enable-gnu-unique-object --disable-vtable-verify --enable-plugin --enable-default-pie --with-system-zlib --enable-libphobos-checking=release --with-target-system-zlib=auto --enable-objc-gc=auto --enable-multiarch --disable-werror --enable-cet --with-arch-32=i686 --with-abi=m64 --with-multilib-list=m32,m64,mx32 --enable-multilib --with-tune=generic --enable-offload-targets=nvptx-none=/build/gcc-12-ALHxjy/gcc-12-12.3.0/debian/tmp-nvptx/usr,amdgcn-amdhsa=/build/gcc-12-ALHxjy/gcc-12-12.3.0/debian/tmp-gcn/usr --enable-offload-defaulted --without-cuda-driver --enable-checking=release --build=x86_64-linux-gnu --host=x86_64-linux-gnu --target=x86_64-linux-gnu
Thread model: posix
Supported LTO compression algorithms: zlib zstd
gcc version 12.3.0 (Ubuntu 12.3.0-1ubuntu1~22.04) 
COMPILER_PATH=/usr/lib/gcc/x86_64-linux-gnu/12/:/usr/lib/gcc/x86_64-linux-gnu/12/:/usr/lib/gcc/x86_64-linux-gnu/:/usr/lib/gcc/x86_64-linux-gnu/12/:/usr/lib/gcc/x86_64-linux-gnu/
LIBRARY_PATH=/usr/lib/gcc/x86_64-linux-gnu/12/:/usr/lib/gcc/x86_64-linux-gnu/12/../../../x86_64-linux-gnu/:/usr/lib/gcc/x86_64-linux-gnu/12/../../../../lib/:/lib/x86_64-linux-gnu/:/lib/../lib/:/usr/lib/x86_64-linux-gnu/:/usr/lib/../lib/:/usr/lib/gcc/x86_64-linux-gnu/12/../../../:/lib/:/usr/lib/
COLLECT_GCC_OPTIONS='-v' '-rdynamic' '-o' 'cmTC_ad439' '-mtune=generic' '-march=x86-64' '-dumpdir' 'cmTC_ad439.'
 /usr/lib/gcc/x86_64-linux-gnu/12/collect2 -plugin /usr/lib/gcc/x86_64-linux-gnu/12/liblto_plugin.so -plugin-opt=/usr/lib/gcc/x86_64-linux-gnu/12/lto-wrapper -plugin-opt=-fresolution=/tmp/ccUNr6Xv.res -plugin-opt=-pass-through=-lgcc -plugin-opt=-pass-through=-lgcc_s -plugin-opt=-pass-through=-lc -plugin-opt=-pass-through=-lgcc -plugin-opt=-pass-through=-lgcc_s --build-id --eh-frame-hdr -m elf_x86_64 --hash-style=gnu --as-needed -export-dynamic -dynamic-linker /lib64/ld-linux-x86-64.so.2 -pie -z now -z relro -o cmTC_ad439 /usr/lib/gcc/x86_64-linux-gnu/12/../../../x86_64-linux-gnu/Scrt1.o /usr/lib/gcc/x86_64-linux-gnu/12/../../../x86_64-linux-gnu/crti.o /usr/lib/gcc/x86_64-linux-gnu/12/crtbeginS.o -L/usr/lib/gcc/x86_64-linux-gnu/12 -L/usr/lib/gcc/x86_64-linux-gnu/12/../../../x86_64-linux-gnu -L/usr/lib/gcc/x86_64-linux-gnu/12/../../../../lib -L/lib/x86_64-linux-gnu -L/lib/../lib -L/usr/lib/x86_64-linux-gnu -L/usr/lib/../lib -L/usr/lib/gcc/x86_64-linux-gnu/12/../../.. CMakeFiles/cmTC_ad439.dir/CMakeCCompilerABI.c.o -lgcc --push-state --as-needed -lgcc_s --pop-state -lc -lgcc --push-state --as-needed -lgcc_s --pop-state /usr/lib/gcc/x86_64-linux-gnu/12/crtendS.o /usr/lib/gcc/x86_64-linux-gnu/12/../../../x86_64-linux-gnu/crtn.o
COLLECT_GCC_OPTIONS='-v' '-rdynamic' '-o' 'cmTC_ad439' '-mtune=generic' '-march=x86-64' '-dumpdir' 'cmTC_ad439.'
gmake[1]: Leaving directory '/home/wys/Desktop/VScode_Template/c_template/ws/build/CMakeFiles/CMakeTmp'



Parsed C implicit include dir info from above output: rv=done
  found start of include info
  found start of implicit include info
    add: [/usr/lib/gcc/x86_64-linux-gnu/12/include]
    add: [/usr/local/include]
    add: [/usr/include/x86_64-linux-gnu]
    add: [/usr/include]
  end of search list found
  collapse include dir [/usr/lib/gcc/x86_64-linux-gnu/12/include] ==> [/usr/lib/gcc/x86_64-linux-gnu/12/include]
  collapse include dir [/usr/local/include] ==> [/usr/local/include]
  collapse include dir [/usr/include/x86_64-linux-gnu] ==> [/usr/include/x86_64-linux-gnu]
  collapse include dir [/usr/include] ==> [/usr/include]
  implicit include dirs: [/usr/lib/gcc/x86_64-linux-gnu/12/include;/usr/local/include;/usr/include/x86_64-linux-gnu;/usr/include]


Parsed C implicit link information from above output:
  link line regex: [^( *|.*[/\])(ld|CMAKE_LINK_STARTFILE-NOTFOUND|([^/\]+-)?ld|collect2)[^/\]*( |$)]
  ignore line: [Change Dir: /home/wys/Desktop/VScode_Template/c_template/ws/build/CMakeFiles/CMakeTmp]
  ignore line: []
  ignore line: [Run Build Command(s):/usr/bin/gmake -f Makefile cmTC_ad439/fast && /usr/bin/gmake  -f CMakeFiles/cmTC_ad439.dir/build.make CMakeFiles/cmTC_ad439.dir/build]
  ignore line: [gmake[1]: Entering directory '/home/wys/Desktop/VScode_Template/c_template/ws/build/CMakeFiles/CMakeTmp']
  ignore line: [Building C object CMakeFiles/cmTC_ad439.dir/CMakeCCompilerABI.c.o]
  ignore line: [/usr/bin/cc   -v -o CMakeFiles/cmTC_ad439.dir/CMakeCCompilerABI.c.o -c /usr/share/cmake-3.22/Modules/CMakeCCompilerABI.c]
  ignore line: [Using built-in specs.]
  ignore line: [COLLECT_GCC=/usr/bin/cc]
  ignore line: [OFFLOAD_TARGET_NAMES=nvptx-none:amdgcn-amdhsa]
  ignore line: [OFFLOAD_TARGET_DEFAULT=1]
  ignore line: [Target: x86_64-linux-gnu]
  ignore line: [Configured with: ../src/configure -v --with-pkgversion='Ubuntu 12.3.0-1ubuntu1~22.04' --with-bugurl=file:///usr/share/doc/gcc-12/README.Bugs --enable-languages=c ada c++ go d fortran objc obj-c++ m2 --prefix=/usr --with-gcc-major-version-only --program-suffix=-12 --program-prefix=x86_64-linux-gnu- --enable-shared --enable-linker-build-id --libexecdir=/usr/lib --without-included-gettext --enable-threads=posix --libdir=/usr/lib --enable-nls --enable-clocale=gnu --enable-libstdcxx-debug --enable-libstdcxx-time=yes --with-default-libstdcxx-abi=new --enable-gnu-unique-object --disable-vtable-verify --enable-plugin --enable-default-pie --with-system-zlib --enable-libphobos-checking=release --with-target-system-zlib=auto --enable-objc-gc=auto --enable-multiarch --disable-werror --enable-cet --with-arch-32=i686 --with-abi=m64 --with-multilib-list=m32 m64 mx32 --enable-multilib --with-tune=generic --enable-offload-targets=nvptx-none=/build/gcc-12-ALHxjy/gcc-12-12.3.0/debian/tmp-nvptx/usr amdgcn-amdhsa=/build/gcc-12-ALHxjy/gcc-12-12.3.0/debian/tmp-gcn/usr --enable-offload-defaulted --without-cuda-driver --enable-checking=release --build=x86_64-linux-gnu --host=x86_64-linux-gnu --target=x86_64-linux-gnu]
  ignore line: [Thread model: posix]
  ignore line: [Supported LTO compression algorithms: zlib zstd]
  ignore line: [gcc version 12.3.0 (Ubuntu 12.3.0-1ubuntu1~22.04) ]
  ignore line: [COLLECT_GCC_OPTIONS='-v' '-o' 'CMakeFiles/cmTC_ad439.dir/CMakeCCompilerABI.c.o' '-c' '-mtune=generic' '-march=x86-64' '-dumpdir' 'CMakeFiles/cmTC_ad439.dir/']
  ignore line: [ /usr/lib/gcc/x86_64-linux-gnu/12/cc1 -quiet -v -imultiarch x86_64-linux-gnu /usr/share/cmake-3.22/Modules/CMakeCCompilerABI.c -quiet -dumpdir CMakeFiles/cmTC_ad439.dir/ -dumpbase CMakeCCompilerABI.c.c -dumpbase-ext .c -mtune=generic -march=x86-64 -version -fasynchronous-unwind-tables -fstack-protector-strong -Wformat -Wformat-security -fstack-clash-protection -fcf-protection -o /tmp/ccRHH6sE.s]
  ignore line: [GNU C17 (Ubuntu 12.3.0-1ubuntu1~22.04) version 12.3.0 (x86_64-linux-gnu)]
  ignore line: [	compiled by GNU C version 12.3.0  GMP version 6.2.1  MPFR version 4.1.0  MPC version 1.2.1  isl version isl-0.24-GMP]
  ignore line: []
  ignore line: [GGC heuristics: --param ggc-min-expand=100 --param ggc-min-heapsize=131072]
  ignore line: [ignoring nonexistent directory "/usr/local/include/x86_64-linux-gnu"]
  ignore line: [ignoring nonexistent directory "/usr/lib/gcc/x86_64-linux-gnu/12/include-fixed"]
  ignore line: [ignoring nonexistent directory "/usr/lib/gcc/x86_64-linux-gnu/12/../../../../x86_64-linux-gnu/include"]
  ignore line: [#include "..." search starts here:]
  ignore line: [#include <...> search starts here:]
  ignore line: [ /usr/lib/gcc/x86_64-linux-gnu/12/include]
  ignore line: [ /usr/local/include]
  ignore line: [ /usr/include/x86_64-linux-gnu]
  ignore line: [ /usr/include]
  ignore line: [End of search list.]
  ignore line: [GNU C17 (Ubuntu 12.3.0-1ubuntu1~22.04) version 12.3.0 (x86_64-linux-gnu)]
  ignore line: [	compiled by GNU C version 12.3.0  GMP version 6.2.1  MPFR version 4.1.0  MPC version 1.2.1  isl version isl-0.24-GMP]
  ignore line: []
  ignore line: [GGC heuristics: --param ggc-min-expand=100 --param ggc-min-heapsize=131072]
  ignore line: [Compiler executable checksum: d93534411cccf908c6f3926ba41cb359]
  ignore line: [COLLECT_GCC_OPTIONS='-v' '-o' 'CMakeFiles/cmTC_ad439.dir/CMakeCCompilerABI.c.o' '-c' '-mtune=generic' '-march=x86-64' '-dumpdir' 'CMakeFiles/cmTC_ad439.dir/']
  ignore line: [ as -v --64 -o CMakeFiles/cmTC_ad439.dir/CMakeCCompilerABI.c.o /tmp/ccRHH6sE.s]
  ignore line: [GNU assembler version 2.38 (x86_64-linux-gnu) using BFD version (GNU Binutils for Ubuntu) 2.38]
  ignore line: [COMPILER_PATH=/usr/lib/gcc/x86_64-linux-gnu/12/:/usr/lib/gcc/x86_64-linux-gnu/12/:/usr/lib/gcc/x86_64-linux-gnu/:/usr/lib/gcc/x86_64-linux-gnu/12/:/usr/lib/gcc/x86_64-linux-gnu/]
  ignore line: [LIBRARY_PATH=/usr/lib/gcc/x86_64-linux-gnu/12/:/usr/lib/gcc/x86_64-linux-gnu/12/../../../x86_64-linux-gnu/:/usr/lib/gcc/x86_64-linux-gnu/12/../../../../lib/:/lib/x86_64-linux-gnu/:/lib/../lib/:/usr/lib/x86_64-linux-gnu/:/usr/lib/../lib/:/usr/lib/gcc/x86_64-linux-gnu/12/../../../:/lib/:/usr/lib/]
  ignore line: [COLLECT_GCC_OPTIONS='-v' '-o' 'CMakeFiles/cmTC_ad439.dir/CMakeCCompilerABI.c.o' '-c' '-mtune=generic' '-march=x86-64' '-dumpdir' 'CMakeFiles/cmTC_ad439.dir/CMakeCCompilerABI.c.']
  ignore line: [Linking C executable cmTC_ad439]
  ignore line: [/usr/bin/cmake -E cmake_link_script CMakeFiles/cmTC_ad439.dir/link.txt --verbose=1]
  ignore line: [/usr/bin/cc  -v -rdynamic CMakeFiles/cmTC_ad439.dir/CMakeCCompilerABI.c.o -o cmTC_ad439 ]
  ignore line: [Using built-in specs.]
  ignore line: [COLLECT_GCC=/usr/bin/cc]
  ignore line: [COLLECT_LTO_WRAPPER=/usr/lib/gcc/x86_64-linux-gnu/12/lto-wrapper]
  ignore line: [OFFLOAD_TARGET_NAMES=nvptx-none:amdgcn-amdhsa]
  ignore line: [OFFLOAD_TARGET_DEFAULT=1]
  ignore line: [Target: x86_64-linux-gnu]
  ignore line: [Configured with: ../src/configure -v --with-pkgversion='Ubuntu 12.3.0-1ubuntu1~22.04' --with-bugurl=file:///usr/share/doc/gcc-12/README.Bugs --enable-languages=c ada c++ go d fortran objc obj-c++ m2 --prefix=/usr --with-gcc-major-version-only --program-suffix=-12 --program-prefix=x86_64-linux-gnu- --enable-shared --enable-linker-build-id --libexecdir=/usr/lib --without-included-gettext --enable-threads=posix --libdir=/usr/lib --enable-nls --enable-clocale=gnu --enable-libstdcxx-debug --enable-libstdcxx-time=yes --with-default-libstdcxx-abi=new --enable-gnu-unique-object --disable-vtable-verify --enable-plugin --enable-default-pie --with-system-zlib --enable-libphobos-checking=release --with-target-system-zlib=auto --enable-objc-gc=auto --enable-multiarch --disable-werror --enable-cet --with-arch-32=i686 --with-abi=m64 --with-multilib-list=m32 m64 mx32 --enable-multilib --with-tune=generic --enable-offload-targets=nvptx-none=/build/gcc-12-ALHxjy/gcc-12-12.3.0/debian/tmp-nvptx/usr amdgcn-amdhsa=/build/gcc-12-ALHxjy/gcc-12-12.3.0/debian/tmp-gcn/usr --enable-offload-defaulted --without-cuda-driver --enable-checking=release --build=x86_64-linux-gnu --host=x86_64-linux-gnu --target=x86_64-linux-gnu]
  ignore line: [Thread model: posix]
  ignore line: [Supported LTO compression algorithms: zlib zstd]
  ignore line: [gcc version 12.3.0 (Ubuntu 12.3.0-1ubuntu1~22.04) ]
  ignore line: [COMPILER_PATH=/usr/lib/gcc/x86_64-linux-gnu/12/:/usr/lib/gcc/x86_64-linux-gnu/12/:/usr/lib/gcc/x86_64-linux-gnu/:/usr/lib/gcc/x86_64-linux-gnu/12/:/usr/lib/gcc/x86_64-linux-gnu/]
  ignore line: [LIBRARY_PATH=/usr/lib/gcc/x86_64-linux-gnu/12/:/usr/lib/gcc/x86_64-linux-gnu/12/../../../x86_64-linux-gnu/:/usr/lib/gcc/x86_64-linux-gnu/12/../../../../lib/:/lib/x86_64-linux-gnu/:/lib/../lib/:/usr/lib/x86_64-linux-gnu/:/usr/lib/../lib/:/usr/lib/gcc/x86_64-linux-gnu/12/../../../:/lib/:/usr/lib/]
  ignore line: [COLLECT_GCC_OPTIONS='-v' '-rdynamic' '-o' 'cmTC_ad439' '-mtune=generic' '-march=x86-64' '-dumpdir' 'cmTC_ad439.']
  link line: [ /usr/lib/gcc/x86_64-linux-gnu/12/collect2 -plugin /usr/lib/gcc/x86_64-linux-gnu/12/liblto_plugin.so -plugin-opt=/usr/lib/gcc/x86_64-linux-gnu/12/lto-wrapper -plugin-opt=-fresolution=/tmp/ccUNr6Xv.res -plugin-opt=-pass-through=-lgcc -plugin-opt=-pass-through=-lgcc_s -plugin-opt=-pass-through=-lc -plugin-opt=-pass-through=-lgcc -plugin-opt=-pass-through=-lgcc_s --build-id --eh-frame-hdr -m elf_x86_64 --hash-style=gnu --as-needed -export-dynamic -dynamic-linker /lib64/ld-linux-x86-64.so.2 -pie -z now -z relro -o cmTC_ad439 /usr/lib/gcc/x86_64-linux-gnu/12/../../../x86_64-linux-gnu/Scrt1.o /usr/lib/gcc/x86_64-linux-gnu/12/../../../x86_64-linux-gnu/crti.o /usr/lib/gcc/x86_64-linux-gnu/12/crtbeginS.o -L/usr/lib/gcc/x86_64-linux-gnu/12 -L/usr/lib/gcc/x86_64-linux-gnu/12/../../../x86_64-linux-gnu -L/usr/lib/gcc/x86_64-linux-gnu/12/../../../../lib -L/lib/x86_64-linux-gnu -L/lib/../lib -L/usr/lib/x86_64-linux-gnu -L/usr/lib/../lib -L/usr/lib/gcc/x86_64-linux-gnu/12/../../.. CMakeFiles/cmTC_ad439.dir/CMakeCCompilerABI.c.o -lgcc --push-state --as-needed -lgcc_s --pop-state -lc -lgcc --push-state --as-needed -lgcc_s --pop-state /usr/lib/gcc/x86_64-linux-gnu/12/crtendS.o /usr/lib/gcc/x86_64-linux-gnu/12/../../../x86_64-linux-gnu/crtn.o]
    arg [/usr/lib/gcc/x86_64-linux-gnu/12/collect2] ==> ignore
    arg [-plugin] ==> ignore
    arg [/usr/lib/gcc/x86_64-linux-gnu/12/liblto_plugin.so] ==> ignore
    arg [-plugin-opt=/usr/lib/gcc/x86_64-linux-gnu/12/lto-wrapper] ==> ignore
    arg [-plugin-opt=-fresolution=/tmp/ccUNr6Xv.res] ==> ignore
    arg [-plugin-opt=-pass-through=-lgcc] ==> ignore
    arg [-plugin-opt=-pass-through=-lgcc_s] ==> ignore
    arg [-plugin-opt=-pass-through=-lc] ==> ignore
    arg [-plugin-opt=-pass-through=-lgcc] ==> ignore
    arg [-plugin-opt=-pass-through=-lgcc_s] ==> ignore
    arg [--build-id] ==> ignore
    arg [--eh-frame-hdr] ==> ignore
    arg [-m] ==> ignore
    arg [elf_x86_64] ==> ignore
    arg [--hash-style=gnu] ==> ignore
    arg [--as-needed] ==> ignore
    arg [-export-dynamic] ==> ignore
    arg [-dynamic-linker] ==> ignore
    arg [/lib64/ld-linux-x86-64.so.2] ==> ignore
    arg [-pie] ==> ignore
    arg [-znow] ==> ignore
    arg [-zrelro] ==> ignore
    arg [-o] ==> ignore
    arg [cmTC_ad439] ==> ignore
    arg [/usr/lib/gcc/x86_64-linux-gnu/12/../../../x86_64-linux-gnu/Scrt1.o] ==> obj [/usr/lib/gcc/x86_64-linux-gnu/12/../../../x86_64-linux-gnu/Scrt1.o]
    arg [/usr/lib/gcc/x86_64-linux-gnu/12/../../../x86_64-linux-gnu/crti.o] ==> obj [/usr/lib/gcc/x86_64-linux-gnu/12/../../../x86_64-linux-gnu/crti.o]
    arg [/usr/lib/gcc/x86_64-linux-gnu/12/crtbeginS.o] ==> obj [/usr/lib/gcc/x86_64-linux-gnu/12/crtbeginS.o]
    arg [-L/usr/lib/gcc/x86_64-linux-gnu/12] ==> dir [/usr/lib/gcc/x86_64-linux-gnu/12]
    arg [-L/usr/lib/gcc/x86_64-linux-gnu/12/../../../x86_64-linux-gnu] ==> dir [/usr/lib/gcc/x86_64-linux-gnu/12/../../../x86_64-linux-gnu]
    arg [-L/usr/lib/gcc/x86_64-linux-gnu/12/../../../../lib] ==> dir [/usr/lib/gcc/x86_64-linux-gnu/12/../../../../lib]
    arg [-L/lib/x86_64-linux-gnu] ==> dir [/lib/x86_64-linux-gnu]
    arg [-L/lib/../lib] ==> dir [/lib/../lib]
    arg [-L/usr/lib/x86_64-linux-gnu] ==> dir [/usr/lib/x86_64-linux-gnu]
    arg [-L/usr/lib/../lib] ==> dir [/usr/lib/../lib]
    arg [-L/usr/lib/gcc/x86_64-linux-gnu/12/../../..] ==> dir [/usr/lib/gcc/x86_64-linux-gnu/12/../../..]
    arg [CMakeFiles/cmTC_ad439.dir/CMakeCCompilerABI.c.o] ==> ignore
    arg [-lgcc] ==> lib [gcc]
    arg [--push-state] ==> ignore
    arg [--as-needed] ==> ignore
    arg [-lgcc_s] ==> lib [gcc_s]
    arg [--pop-state] ==> ignore
    arg [-lc] ==> lib [c]
    arg [-lgcc] ==> lib [gcc]
    arg [--push-state] ==> ignore
    arg [--as-needed] ==> ignore
    arg [-lgcc_s] ==> lib [gcc_s]
    arg [--pop-state] ==> ignore
    arg [/usr/lib/gcc/x86_64-linux-gnu/12/crtendS.o] ==> obj [/usr/lib/gcc/x86_64-linux-gnu/12/crtendS.o]
    arg [/usr/lib/gcc/x86_64-linux-gnu/12/../../../x86_64-linux-gnu/crtn.o] ==> obj [/usr/lib/gcc/x86_64-linux-gnu/12/../../../x86_64-linux-gnu/crtn.o]
  collapse obj [/usr/lib/gcc/x86_64-linux-gnu/12/../../../x86_64-linux-gnu/Scrt1.o] ==> [/usr/lib/x86_64-linux-gnu/Scrt1.o]
  collapse obj [/usr/lib/gcc/x86_64-linux-gnu/12/../../../x86_64-linux-gnu/crti.o] ==> [/usr/lib/x86_64-linux-gnu/crti.o]
  collapse obj [/usr/lib/gcc/x86_64-linux-gnu/12/../../../x86_64-linux-gnu/crtn.o] ==> [/usr/lib/x86_64-linux-gnu/crtn.o]
  collapse library dir [/usr/lib/gcc/x86_64-linux-gnu/12] ==> [/usr/lib/gcc/x86_64-linux-gnu/12]
  collapse library dir [/usr/lib/gcc/x86_64-linux-gnu/12/../../../x86_64-linux-gnu] ==> [/usr/lib/x86_64-linux-gnu]
  collapse library dir [/usr/lib/gcc/x86_64-linux-gnu/12/../../../../lib] ==> [/usr/lib]
  collapse library dir [/lib/x86_64-linux-gnu] ==> [/lib/x86_64-linux-gnu]
  collapse library dir [/lib/../lib] ==> [/lib]
  collapse library dir [/usr/lib/x86_64-linux-gnu] ==> [/usr/lib/x86_64-linux-gnu]
  collapse library dir [/usr/lib/../lib] ==> [/usr/lib]
  collapse library dir [/usr/lib/gcc/x86_64-linux-gnu/12/../../..] ==> [/usr/lib]
  implicit libs: [gcc;gcc_s;c;gcc;gcc_s]
  implicit objs: [/usr/lib/x86_64-linux-gnu/Scrt1.o;/usr/lib/x86_64-linux-gnu/crti.o;/usr/lib/gcc/x86_64-linux-gnu/12/crtbeginS.o;/usr/lib/gcc/x86_64-linux-gnu/12/crtendS.o;/usr/lib/x86_64-linux-gnu/crtn.o]
  implicit dirs: [/usr/lib/gcc/x86_64-linux-gnu/12;/usr/lib/x86_64-linux-gnu;/usr/lib;/lib/x86_64-linux-gnu;/lib]
  implicit fwks: []


Detecting CXX compiler ABI info compiled with the following output:
Change Dir: /home/wys/Desktop/VScode_Template/c_template/ws/build/CMakeFiles/CMakeTmp

Run Build Command(s):/usr/bin/gmake -f Makefile cmTC_40633/fast && /usr/bin/gmake  -f CMakeFiles/cmTC_40633.dir/build.make CMakeFiles/cmTC_40633.dir/build
gmake[1]: Entering directory '/home/wys/Desktop/VScode_Template/c_template/ws/build/CMakeFiles/CMakeTmp'
Building CXX object CMakeFiles/cmTC_40633.dir/CMakeCXXCompilerABI.cpp.o
/usr/bin/c++   -v -o CMakeFiles/cmTC_40633.dir/CMakeCXXCompilerABI.cpp.o -c /usr/share/cmake-3.22/Modules/CMakeCXXCompilerABI.cpp
Using built-in specs.
COLLECT_GCC=/usr/bin/c++
OFFLOAD_TARGET_NAMES=nvptx-none:amdgcn-amdhsa
OFFLOAD_TARGET_DEFAULT=1
Target: x86_64-linux-gnu
Configured with: ../src/configure -v --with-pkgversion='Ubuntu 12.3.0-1ubuntu1~22.04' --with-bugurl=file:///usr/share/doc/gcc-12/README.Bugs --enable-languages=c,ada,c++,go,d,fortran,objc,obj-c++,m2 --prefix=/usr --with-gcc-major-version-only --program-suffix=-12 --program-prefix=x86_64-linux-gnu- --enable-shared --enable-linker-build-id --libexecdir=/usr/lib --without-included-gettext --enable-threads=posix --libdir=/usr/lib --enable-nls --enable-clocale=gnu --enable-libstdcxx-debug --enable-libstdcxx-time=yes --with-default-libstdcxx-abi=new --enable-gnu-unique-object --disable-vtable-verify --enable-plugin --enable-default-pie --with-system-zlib --enable-libphobos-checking=release --with-target-system-zlib=auto --enable-objc-gc=auto --enable-multiarch --disable-werror --enable-cet --with-arch-32=i686 --with-abi=m64 --with-multilib-list=m32,m64,mx32 --enable-multilib --with-tune=generic --enable-offload-targets=nvptx-none=/build/gcc-12-ALHxjy/gcc-12-12.3.0/debian/tmp-nvptx/usr,amdgcn-amdhsa=/build/gcc-12-ALHxjy/gcc-12-12.3.0/debian/tmp-gcn/usr --enable-offload-defaulted --without-cuda-driver --enable-checking=release --build=x86_64-linux-gnu --host=x86_64-linux-gnu --target=x86_64-linux-gnu
Thread model: posix
Supported LTO compression algorithms: zlib zstd
gcc version 12.3.0 (Ubuntu 12.3.0-1ubuntu1~22.04) 
COLLECT_GCC_OPTIONS='-v' '-o' 'CMakeFiles/cmTC_40633.dir/CMakeCXXCompilerABI.cpp.o' '-c' '-shared-libgcc' '-mtune=generic' '-march=x86-64' '-dumpdir' 'CMakeFiles/cmTC_40633.dir/'
 /usr/lib/gcc/x86_64-linux-gnu/12/cc1plus -quiet -v -imultiarch x86_64-linux-gnu -D_GNU_SOURCE /usr/share/cmake-3.22/Modules/CMakeCXXCompilerABI.cpp -quiet -dumpdir CMakeFiles/cmTC_40633.dir/ -dumpbase CMakeCXXCompilerABI.cpp.cpp -dumpbase-ext .cpp -mtune=generic -march=x86-64 -version -fasynchronous-unwind-tables -fstack-protector-strong -Wformat -Wformat-security -fstack-clash-protection -fcf-protection -o /tmp/ccRGAU2M.s
GNU C++17 (Ubuntu 12.3.0-1ubuntu1~22.04) version 12.3.0 (x86_64-linux-gnu)
	compiled by GNU C version 12.3.0, GMP version 6.2.1, MPFR version 4.1.0, MPC version 1.2.1, isl version isl-0.24-GMP

GGC heuristics: --param ggc-min-expand=100 --param ggc-min-heapsize=131072
ignoring duplicate directory "/usr/include/c++/12"
ignoring duplicate directory "/usr/include/x86_64-linux-gnu/c++/12"
ignoring nonexistent directory "/usr/local/include/x86_64-linux-gnu"
ignoring nonexistent directory "/usr/lib/gcc/x86_64-linux-gnu/12/include-fixed"
ignoring nonexistent directory "/usr/lib/gcc/x86_64-linux-gnu/12/../../../../x86_64-linux-gnu/include"
#include "..." search starts here:
#include <...> search starts here:
 /usr/include/c++/12
 /usr/include/x86_64-linux-gnu/c++/12
 /usr/include/c++/12/backward
 /usr/lib/gcc/x86_64-linux-gnu/12/include
 /usr/local/include
 /usr/include/x86_64-linux-gnu
 /usr/include
End of search list.
GNU C++17 (Ubuntu 12.3.0-1ubuntu1~22.04) version 12.3.0 (x86_64-linux-gnu)
	compiled by GNU C version 12.3.0, GMP version 6.2.1, MPFR version 4.1.0, MPC version 1.2.1, isl version isl-0.24-GMP

GGC heuristics: --param ggc-min-expand=100 --param ggc-min-heapsize=131072
Compiler executable checksum: 79e87f2d3d9897c72fb9a3fdf38a9641
COLLECT_GCC_OPTIONS='-v' '-o' 'CMakeFiles/cmTC_40633.dir/CMakeCXXCompilerABI.cpp.o' '-c' '-shared-libgcc' '-mtune=generic' '-march=x86-64' '-dumpdir' 'CMakeFiles/cmTC_40633.dir/'
 as -v --64 -o CMakeFiles/cmTC_40633.dir/CMakeCXXCompilerABI.cpp.o /tmp/ccRGAU2M.s
GNU assembler version 2.38 (x86_64-linux-gnu) using BFD version (GNU Binutils for Ubuntu) 2.38
COMPILER_PATH=/usr/lib/gcc/x86_64-linux-gnu/12/:/usr/lib/gcc/x86_64-linux-gnu/12/:/usr/lib/gcc/x86_64-linux-gnu/:/usr/lib/gcc/x86_64-linux-gnu/12/:/usr/lib/gcc/x86_64-linux-gnu/
LIBRARY_PATH=/usr/lib/gcc/x86_64-linux-gnu/12/:/usr/lib/gcc/x86_64-linux-gnu/12/../../../x86_64-linux-gnu/:/usr/lib/gcc/x86_64-linux-gnu/12/../../../../lib/:/lib/x86_64-linux-gnu/:/lib/../lib/:/usr/lib/x86_64-linux-gnu/:/usr/lib/../lib/:/usr/lib/gcc/x86_64-linux-gnu/12/../../../:/lib/:/usr/lib/
COLLECT_GCC_OPTIONS='-v' '-o' 'CMakeFiles/cmTC_40633.dir/CMakeCXXCompilerABI.cpp.o' '-c' '-shared-libgcc' '-mtune=generic' '-march=x86-64' '-dumpdir' 'CMakeFiles/cmTC_40633.dir/CMakeCXXCompilerABI.cpp.'
Linking CXX executable cmTC_40633
/usr/bin/cmake -E cmake_link_script CMakeFiles/cmTC_40633.dir/link.txt --verbose=1
/usr/bin/c++  -v -rdynamic CMakeFiles/cmTC_40633.dir/CMakeCXXCompilerABI.cpp.o -o cmTC_40633 
Using built-in specs.
COLLECT_GCC=/usr/bin/c++
COLLECT_LTO_WRAPPER=/usr/lib/gcc/x86_64-linux-gnu/12/lto-wrapper
OFFLOAD_TARGET_NAMES=nvptx-none:amdgcn-amdhsa
OFFLOAD_TARGET_DEFAULT=1
Target: x86_64-linux-gnu
Configured with: ../src/configure -v --with-pkgversion='Ubuntu 12.3.0-1ubuntu1~22.04' --with-bugurl=file:///usr/share/doc/gcc-12/README.Bugs --enable-languages=c,ada,c++,go,d,fortran,objc,obj-c++,m2 --prefix=/usr --with-gcc-major-version-only --program-suffix=-12 --program-prefix=x86_64-linux-gnu- --enable-shared --enable-linker-build-id --libexecdir=/usr/lib --without-included-gettext --enable-threads=posix --libdir=/usr/lib --enable-nls --enable-clocale=gnu --enable-libstdcxx-debug --enable-libstdcxx-time=yes --with-default-libstdcxx-abi=new --enable-gnu-unique-object --disable-vtable-verify --enable-plugin --enable-default-pie --with-system-zlib --enable-libphobos-checking=release --with-target-system-zlib=auto --enable-objc-gc=auto --enable-multiarch --disable-werror --enable-cet --with-arch-32=i686 --with-abi=m64 --with-multilib-list=m32,m64,mx32 --enable-multilib --with-tune=generic --enable-offload-targets=nvptx-none=/build/gcc-12-ALHxjy/gcc-12-12.3.0/debian/tmp-nvptx/usr,amdgcn-amdhsa=/build/gcc-12-ALHxjy/gcc-12-12.3.0/debian/tmp-gcn/usr --enable-offload-defaulted --without-cuda-driver --enable-checking=release --build=x86_64-linux-gnu --host=x86_64-linux-gnu --target=x86_64-linux-gnu
Thread model: posix
Supported LTO compression algorithms: zlib zstd
gcc version 12.3.0 (Ubuntu 12.3.0-1ubuntu1~22.04) 
COMPILER_PATH=/usr/lib/gcc/x86_64-linux-gnu/12/:/usr/lib/gcc/x86_64-linux-gnu/12/:/usr/lib/gcc/x86_64-linux-gnu/:/usr/lib/gcc/x86_64-linux-gnu/12/:/usr/lib/gcc/x86_64-linux-gnu/
LIBRARY_PATH=/usr/lib/gcc/x86_64-linux-gnu/12/:/usr/lib/gcc/x86_64-linux-gnu/12/../../../x86_64-linux-gnu/:/usr/lib/gcc/x86_64-linux-gnu/12/../../../../lib/:/lib/x86_64-linux-gnu/:/lib/../lib/:/usr/lib/x86_64-linux-gnu/:/usr/lib/../lib/:/usr/lib/gcc/x86_64-linux-gnu/12/../../../:/lib/:/usr/lib/
COLLECT_GCC_OPTIONS='-v' '-rdynamic' '-o' 'cmTC_40633' '-shared-libgcc' '-mtune=generic' '-march=x86-64' '-dumpdir' 'cmTC_40633.'
 /usr/lib/gcc/x86_64-linux-gnu/12/collect2 -plugin /usr/lib/gcc/x86_64-linux-gnu/12/liblto_plugin.so -plugin-opt=/usr/lib/gcc/x86_64-linux-gnu/12/lto-wrapper -plugin-opt=-fresolution=/tmp/ccGF4NYw.res -plugin-opt=-pass-through=-lgcc_s -plugin-opt=-pass-through=-lgcc -plugin-opt=-pass-through=-lc -plugin-opt=-pass-through=-lgcc_s -plugin-opt=-pass-through=-lgcc --build-id --eh-frame-hdr -m elf_x86_64 --hash-style=gnu --as-needed -export-dynamic -dynamic-linker /lib64/ld-linux-x86-64.so.2 -pie -z now -z relro -o cmTC_40633 /usr/lib/gcc/x86_64-linux-gnu/12/../../../x86_64-linux-gnu/Scrt1.o /usr/lib/gcc/x86_64-linux-gnu/12/../../../x86_64-linux-gnu/crti.o /usr/lib/gcc/x86_64-linux-gnu/12/crtbeginS.o -L/usr/lib/gcc/x86_64-linux-gnu/12 -L/usr/lib/gcc/x86_64-linux-gnu/12/../../../x86_64-linux-gnu -L/usr/lib/gcc/x86_64-linux-gnu/12/../../../../lib -L/lib/x86_64-linux-gnu -L/lib/../lib -L/usr/lib/x86_64-linux-gnu -L/usr/lib/../lib -L/usr/lib/gcc/x86_64-linux-gnu/12/../../.. CMakeFiles/cmTC_40633.dir/CMakeCXXCompilerABI.cpp.o -lstdc++ -lm -lgcc_s -lgcc -lc -lgcc_s -lgcc /usr/lib/gcc/x86_64-linux-gnu/12/crtendS.o /usr/lib/gcc/x86_64-linux-gnu/12/../../../x86_64-linux-gnu/crtn.o
COLLECT_GCC_OPTIONS='-v' '-rdynamic' '-o' 'cmTC_40633' '-shared-libgcc' '-mtune=generic' '-march=x86-64' '-dumpdir' 'cmTC_40633.'
gmake[1]: Leaving directory '/home/wys/Desktop/VScode_Template/c_template/ws/build/CMakeFiles/CMakeTmp'



Parsed CXX implicit include dir info from above output: rv=done
  found start of include info
  found start of implicit include info
    add: [/usr/include/c++/12]
    add: [/usr/include/x86_64-linux-gnu/c++/12]
    add: [/usr/include/c++/12/backward]
    add: [/usr/lib/gcc/x86_64-linux-gnu/12/include]
    add: [/usr/local/include]
    add: [/usr/include/x86_64-linux-gnu]
    add: [/usr/include]
  end of search list found
  collapse include dir [/usr/include/c++/12] ==> [/usr/include/c++/12]
  collapse include dir [/usr/include/x86_64-linux-gnu/c++/12] ==> [/usr/include/x86_64-linux-gnu/c++/12]
  collapse include dir [/usr/include/c++/12/backward] ==> [/usr/include/c++/12/backward]
  collapse include dir [/usr/lib/gcc/x86_64-linux-gnu/12/include] ==> [/usr/lib/gcc/x86_64-linux-gnu/12/include]
  collapse include dir [/usr/local/include] ==> [/usr/local/include]
  collapse include dir [/usr/include/x86_64-linux-gnu] ==> [/usr/include/x86_64-linux-gnu]
  collapse include dir [/usr/include] ==> [/usr/include]
  implicit include dirs: [/usr/include/c++/12;/usr/include/x86_64-linux-gnu/c++/12;/usr/include/c++/12/backward;/usr/lib/gcc/x86_64-linux-gnu/12/include;/usr/local/include;/usr/include/x86_64-linux-gnu;/usr/include]


Parsed CXX implicit link information from above output:
  link line regex: [^( *|.*[/\])(ld|CMAKE_LINK_STARTFILE-NOTFOUND|([^/\]+-)?ld|collect2)[^/\]*( |$)]
  ignore line: [Change Dir: /home/wys/Desktop/VScode_Template/c_template/ws/build/CMakeFiles/CMakeTmp]
  ignore line: []
  ignore line: [Run Build Command(s):/usr/bin/gmake -f Makefile cmTC_40633/fast && /usr/bin/gmake  -f CMakeFiles/cmTC_40633.dir/build.make CMakeFiles/cmTC_40633.dir/build]
  ignore line: [gmake[1]: Entering directory '/home/wys/Desktop/VScode_Template/c_template/ws/build/CMakeFiles/CMakeTmp']
  ignore line: [Building CXX object CMakeFiles/cmTC_40633.dir/CMakeCXXCompilerABI.cpp.o]
  ignore line: [/usr/bin/c++   -v -o CMakeFiles/cmTC_40633.dir/CMakeCXXCompilerABI.cpp.o -c /usr/share/cmake-3.22/Modules/CMakeCXXCompilerABI.cpp]
  ignore line: [Using built-in specs.]
  ignore line: [COLLECT_GCC=/usr/bin/c++]
  ignore line: [OFFLOAD_TARGET_NAMES=nvptx-none:amdgcn-amdhsa]
  ignore line: [OFFLOAD_TARGET_DEFAULT=1]
  ignore line: [Target: x86_64-linux-gnu]
  ignore line: [Configured with: ../src/configure -v --with-pkgversion='Ubuntu 12.3.0-1ubuntu1~22.04' --with-bugurl=file:///usr/share/doc/gcc-12/README.Bugs --enable-languages=c ada c++ go d fortran objc obj-c++ m2 --prefix=/usr --with-gcc-major-version-only --program-suffix=-12 --program-prefix=x86_64-linux-gnu- --enable-shared --enable-linker-build-id --libexecdir=/usr/lib --without-included-gettext --enable-threads=posix --libdir=/usr/lib --enable-nls --enable-clocale=gnu --enable-libstdcxx-debug --enable-libstdcxx-time=yes --with-default-libstdcxx-abi=new --enable-gnu-unique-object --disable-vtable-verify --enable-plugin --enable-default-pie --with-system-zlib --enable-libphobos-checking=release --with-target-system-zlib=auto --enable-objc-gc=auto --enable-multiarch --disable-werror --enable-cet --with-arch-32=i686 --with-abi=m64 --with-multilib-list=m32 m64 mx32 --enable-multilib --with-tune=generic --enable-offload-targets=nvptx-none=/build/gcc-12-ALHxjy/gcc-12-12.3.0/debian/tmp-nvptx/usr amdgcn-amdhsa=/build/gcc-12-ALHxjy/gcc-12-12.3.0/debian/tmp-gcn/usr --enable-offload-defaulted --without-cuda-driver --enable-checking=release --build=x86_64-linux-gnu --host=x86_64-linux-gnu --target=x86_64-linux-gnu]
  ignore line: [Thread model: posix]
  ignore line: [Supported LTO compression algorithms: zlib zstd]
  ignore line: [gcc version 12.3.0 (Ubuntu 12.3.0-1ubuntu1~22.04) ]
  ignore line: [COLLECT_GCC_OPTIONS='-v' '-o' 'CMakeFiles/cmTC_40633.dir/CMakeCXXCompilerABI.cpp.o' '-c' '-shared-libgcc' '-mtune=generic' '-march=x86-64' '-dumpdir' 'CMakeFiles/cmTC_40633.dir/']
  ignore line: [ /usr/lib/gcc/x86_64-linux-gnu/12/cc1plus -quiet -v -imultiarch x86_64-linux-gnu -D_GNU_SOURCE /usr/share/cmake-3.22/Modules/CMakeCXXCompilerABI.cpp -quiet -dumpdir CMakeFiles/cmTC_40633.dir/ -dumpbase CMakeCXXCompilerABI.cpp.cpp -dumpbase-ext .cpp -mtune=generic -march=x86-64 -version -fasynchronous-unwind-tables -fstack-protector-strong -Wformat -Wformat-security -fstack-clash-protection -fcf-protection -o /tmp/ccRGAU2M.s]
  ignore line: [GNU C++17 (Ubuntu 12.3.0-1ubuntu1~22.04) version 12.3.0 (x86_64-linux-gnu)]
  ignore line: [	compiled by GNU C version 12.3.0  GMP version 6.2.1  MPFR version 4.1.0  MPC version 1.2.1  isl version isl-0.24-GMP]
  ignore line: []
  ignore line: [GGC heuristics: --param ggc-min-expand=100 --param ggc-min-heapsize=131072]
  ignore line: [ignoring duplicate directory "/usr/include/c++/12"]
  ignore line: [ignoring duplicate directory "/usr/include/x86_64-linux-gnu/c++/12"]
  ignore line: [ignoring nonexistent directory "/usr/local/include/x86_64-linux-gnu"]
  ignore line: [ignoring nonexistent directory "/usr/lib/gcc/x86_64-linux-gnu/12/include-fixed"]
  ignore line: [ignoring nonexistent directory "/usr/lib/gcc/x86_64-linux-gnu/12/../../../../x86_64-linux-gnu/include"]
  ignore line: [#include "..." search starts here:]
  ignore line: [#include <...> search starts here:]
  ignore line: [ /usr/include/c++/12]
  ignore line: [ /usr/include/x86_64-linux-gnu/c++/12]
  ignore line: [ /usr/include/c++/12/backward]
  ignore line: [ /usr/lib/gcc/x86_64-linux-gnu/12/include]
  ignore line: [ /usr/local/include]
  ignore line: [ /usr/include/x86_64-linux-gnu]
  ignore line: [ /usr/include]
  ignore line: [End of search list.]
  ignore line: [GNU C++17 (Ubuntu 12.3.0-1ubuntu1~22.04) version 12.3.0 (x86_64-linux-gnu)]
  ignore line: [	compiled by GNU C version 12.3.0  GMP version 6.2.1  MPFR version 4.1.0  MPC version 1.2.1  isl version isl-0.24-GMP]
  ignore line: []
  ignore line: [GGC heuristics: --param ggc-min-expand=100 --param ggc-min-heapsize=131072]
  ignore line: [Compiler executable checksum: 79e87f2d3d9897c72fb9a3fdf38a9641]
  ignore line: [COLLECT_GCC_OPTIONS='-v' '-o' 'CMakeFiles/cmTC_40633.dir/CMakeCXXCompilerABI.cpp.o' '-c' '-shared-libgcc' '-mtune=generic' '-march=x86-64' '-dumpdir' 'CMakeFiles/cmTC_40633.dir/']
  ignore line: [ as -v --64 -o CMakeFiles/cmTC_40633.dir/CMakeCXXCompilerABI.cpp.o /tmp/ccRGAU2M.s]
  ignore line: [GNU assembler version 2.38 (x86_64-linux-gnu) using BFD version (GNU Binutils for Ubuntu) 2.38]
  ignore line: [COMPILER_PATH=/usr/lib/gcc/x86_64-linux-gnu/12/:/usr/lib/gcc/x86_64-linux-gnu/12/:/usr/lib/gcc/x86_64-linux-gnu/:/usr/lib/gcc/x86_64-linux-gnu/12/:/usr/lib/gcc/x86_64-linux-gnu/]
  ignore line: [LIBRARY_PATH=/usr/lib/gcc/x86_64-linux-gnu/12/:/usr/lib/gcc/x86_64-linux-gnu/12/../../../x86_64-linux-gnu/:/usr/lib/gcc/x86_64-linux-gnu/12/../../../../lib/:/lib/x86_64-linux-gnu/:/lib/../lib/:/usr/lib/x86_64-linux-gnu/:/usr/lib/../lib/:/usr/lib/gcc/x86_64-linux-gnu/12/../../../:/lib/:/usr/lib/]
  ignore line: [COLLECT_GCC_OPTIONS='-v' '-o' 'CMakeFiles/cmTC_40633.dir/CMakeCXXCompilerABI.cpp.o' '-c' '-shared-libgcc' '-mtune=generic' '-march=x86-64' '-dumpdir' 'CMakeFiles/cmTC_40633.dir/CMakeCXXCompilerABI.cpp.']
  ignore line: [Linking CXX executable cmTC_40633]
  ignore line: [/usr/bin/cmake -E cmake_link_script CMakeFiles/cmTC_40633.dir/link.txt --verbose=1]
  ignore line: [/usr/bin/c++  -v -rdynamic CMakeFiles/cmTC_40633.dir/CMakeCXXCompilerABI.cpp.o -o cmTC_40633 ]
  ignore line: [Using built-in specs.]
  ignore line: [COLLECT_GCC=/usr/bin/c++]
  ignore line: [COLLECT_LTO_WRAPPER=/usr/lib/gcc/x86_64-linux-gnu/12/lto-wrapper]
  ignore line: [OFFLOAD_TARGET_NAMES=nvptx-none:amdgcn-amdhsa]
  ignore line: [OFFLOAD_TARGET_DEFAULT=1]
  ignore line: [Target: x86_64-linux-gnu]
  ignore line: [Configured with: ../src/configure -v --with-pkgversion='Ubuntu 12.3.0-1ubuntu1~22.04' --with-bugurl=file:///usr/share/doc/gcc-12/README.Bugs --enable-languages=c ada c++ go d fortran objc obj-c++ m2 --prefix=/usr --with-gcc-major-version-only --program-suffix=-12 --program-prefix=x86_64-linux-gnu- --enable-shared --enable-linker-build-id --libexecdir=/usr/lib --without-included-gettext --enable-threads=posix --libdir=/usr/lib --enable-nls --enable-clocale=gnu --enable-libstdcxx-debug --enable-libstdcxx-time=yes --with-default-libstdcxx-abi=new --enable-gnu-unique-object --disable-vtable-verify --enable-plugin --enable-default-pie --with-system-zlib --enable-libphobos-checking=release --with-target-system-zlib=auto --enable-objc-gc=auto --enable-multiarch --disable-werror --enable-cet --with-arch-32=i686 --with-abi=m64 --with-multilib-list=m32 m64 mx32 --enable-multilib --with-tune=generic --enable-offload-targets=nvptx-none=/build/gcc-12-ALHxjy/gcc-12-12.3.0/debian/tmp-nvptx/usr amdgcn-amdhsa=/build/gcc-12-ALHxjy/gcc-12-12.3.0/debian/tmp-gcn/usr --enable-offload-defaulted --without-cuda-driver --enable-checking=release --build=x86_64-linux-gnu --host=x86_64-linux-gnu --target=x86_64-linux-gnu]
  ignore line: [Thread model: posix]
  ignore line: [Supported LTO compression algorithms: zlib zstd]
  ignore line: [gcc version 12.3.0 (Ubuntu 12.3.0-1ubuntu1~22.04) ]
  ignore line: [COMPILER_PATH=/usr/lib/gcc/x86_64-linux-gnu/12/:/usr/lib/gcc/x86_64-linux-gnu/12/:/usr/lib/gcc/x86_64-linux-gnu/:/usr/lib/gcc/x86_64-linux-gnu/12/:/usr/lib/gcc/x86_64-linux-gnu/]
  ignore line: [LIBRARY_PATH=/usr/lib/gcc/x86_64-linux-gnu/12/:/usr/lib/gcc/x86_64-linux-gnu/12/../../../x86_64-linux-gnu/:/usr/lib/gcc/x86_64-linux-gnu/12/../../../../lib/:/lib/x86_64-linux-gnu/:/lib/../lib/:/usr/lib/x86_64-linux-gnu/:/usr/lib/../lib/:/usr/lib/gcc/x86_64-linux-gnu/12/../../../:/lib/:/usr/lib/]
  ignore line: [COLLECT_GCC_OPTIONS='-v' '-rdynamic' '-o' 'cmTC_40633' '-shared-libgcc' '-mtune=generic' '-march=x86-64' '-dumpdir' 'cmTC_40633.']
  link line: [ /usr/lib/gcc/x86_64-linux-gnu/12/collect2 -plugin /usr/lib/gcc/x86_64-linux-gnu/12/liblto_plugin.so -plugin-opt=/usr/lib/gcc/x86_64-linux-gnu/12/lto-wrapper -plugin-opt=-fresolution=/tmp/ccGF4NYw.res -plugin-opt=-pass-through=-lgcc_s -plugin-opt=-pass-through=-lgcc -plugin-opt=-pass-through=-lc -plugin-opt=-pass-through=-lgcc_s -plugin-opt=-pass-through=-lgcc --build-id --eh-frame-hdr -m elf_x86_64 --hash-style=gnu --as-needed -export-dynamic -dynamic-linker /lib64/ld-linux-x86-64.so.2 -pie -z now -z relro -o cmTC_40633 /usr/lib/gcc/x86_64-linux-gnu/12/../../../x86_64-linux-gnu/Scrt1.o /usr/lib/gcc/x86_64-linux-gnu/12/../../../x86_64-linux-gnu/crti.o /usr/lib/gcc/x86_64-linux-gnu/12/crtbeginS.o -L/usr/lib/gcc/x86_64-linux-gnu/12 -L/usr/lib/gcc/x86_64-linux-gnu/12/../../../x86_64-linux-gnu -L/usr/lib/gcc/x86_64-linux-gnu/12/../../../../lib -L/lib/x86_64-linux-gnu -L/lib/../lib -L/usr/lib/x86_64-linux-gnu -L/usr/lib/../lib -L/usr/lib/gcc/x86_64-linux-gnu/12/../../.. CMakeFiles/cmTC_40633.dir/CMakeCXXCompilerABI.cpp.o -lstdc++ -lm -lgcc_s -lgcc -lc -lgcc_s -lgcc /usr/lib/gcc/x86_64-linux-gnu/12/crtendS.o /usr/lib/gcc/x86_64-linux-gnu/12/../../../x86_64-linux-gnu/crtn.o]
    arg [/usr/lib/gcc/x86_64-linux-gnu/12/collect2] ==> ignore
    arg [-plugin] ==> ignore
    arg [/usr/lib/gcc/x86_64-linux-gnu/12/liblto_plugin.so] ==> ignore
    arg [-plugin-opt=/usr/lib/gcc/x86_64-linux-gnu/12/lto-wrapper] ==> ignore
    arg [-plugin-opt=-fresolution=/tmp/ccGF4NYw.res] ==> ignore
    arg [-plugin-opt=-pass-through=-lgcc_s] ==> ignore
    arg [-plugin-opt=-pass-through=-lgcc] ==> ignore
    arg [-plugin-opt=-pass-through=-lc] ==> ignore
    arg [-plugin-opt=-pass-through=-lgcc_s] ==> ignore
    arg [-plugin-opt=-pass-through=-lgcc] ==> ignore
    arg [--build-id] ==> ignore
    arg [--eh-frame-hdr] ==> ignore
    arg [-m] ==> ignore
    arg [elf_x86_64] ==> ignore
    arg [--hash-style=gnu] ==> ignore
    arg [--as-needed] ==> ignore
    arg [-export-dynamic] ==> ignore
    arg [-dynamic-linker] ==> ignore
    arg [/lib64/ld-linux-x86-64.so.2] ==> ignore
    arg [-pie] ==> ignore
    arg [-znow] ==> ignore
    arg [-zrelro] ==> ignore
    arg [-o] ==> ignore
    arg [cmTC_40633] ==> ignore
    arg [/usr/lib/gcc/x86_64-linux-gnu/12/../../../x86_64-linux-gnu/Scrt1.o] ==> obj [/usr/lib/gcc/x86_64-linux-gnu/12/../../../x86_64-linux-gnu/Scrt1.o]
    arg [/usr/lib/gcc/x86_64-linux-gnu/12/../../../x86_64-linux-gnu/crti.o] ==> obj [/usr/lib/gcc/x86_64-linux-gnu/12/../../../x86_64-linux-gnu/crti.o]
    arg [/usr/lib/gcc/x86_64-linux-gnu/12/crtbeginS.o] ==> obj [/usr/lib/gcc/x86_64-linux-gnu/12/crtbeginS.o]
    arg [-L/usr/lib/gcc/x86_64-linux-gnu/12] ==> dir [/usr/lib/gcc/x86_64-linux-gnu/12]
    arg [-L/usr/lib/gcc/x86_64-linux-gnu/12/../../../x86_64-linux-gnu] ==> dir [/usr/lib/gcc/x86_64-linux-gnu/12/../../../x86_64-linux-gnu]
    arg [-L/usr/lib/gcc/x86_64-linux-gnu/12/../../../../lib] ==> dir [/usr/lib/gcc/x86_64-linux-gnu/12/../../../../lib]
    arg [-L/lib/x86_64-linux-gnu] ==> dir [/lib/x86_64-linux-gnu]
    arg [-L/lib/../lib] ==> dir [/lib/../lib]
    arg [-L/usr/lib/x86_64-linux-gnu] ==> dir [/usr/lib/x86_64-linux-gnu]
    arg [-L/usr/lib/../lib] ==> dir [/usr/lib/../lib]
    arg [-L/usr/lib/gcc/x86_64-linux-gnu/12/../../..] ==> dir [/usr/lib/gcc/x86_64-linux-gnu/12/../../..]
    arg [CMakeFiles/cmTC_40633.dir/CMakeCXXCompilerABI.cpp.o] ==> ignore
    arg [-lstdc++] ==> lib [stdc++]
    arg [-lm] ==> lib [m]
    arg [-lgcc_s] ==> lib [gcc_s]
    arg [-lgcc] ==> lib [gcc]
    arg [-lc] ==> lib [c]
    arg [-lgcc_s] ==> lib [gcc_s]
    arg [-lgcc] ==> lib [gcc]
    arg [/usr/lib/gcc/x86_64-linux-gnu/12/crtendS.o] ==> obj [/usr/lib/gcc/x86_64-linux-gnu/12/crtendS.o]
    arg [/usr/lib/gcc/x86_64-linux-gnu/12/../../../x86_64-linux-gnu/crtn.o] ==> obj [/usr/lib/gcc/x86_64-linux-gnu/12/../../../x86_64-linux-gnu/crtn.o]
  collapse obj [/usr/lib/gcc/x86_64-linux-gnu/12/../../../x86_64-linux-gnu/Scrt1.o] ==> [/usr/lib/x86_64-linux-gnu/Scrt1.o]
  collapse obj [/usr/lib/gcc/x86_64-linux-gnu/12/../../../x86_64-linux-gnu/crti.o] ==> [/usr/lib/x86_64-linux-gnu/crti.o]
  collapse obj [/usr/lib/gcc/x86_64-linux-gnu/12/../../../x86_64-linux-gnu/crtn.o] ==> [/usr/lib/x86_64-linux-gnu/crtn.o]
  collapse library dir [/usr/lib/gcc/x86_64-linux-gnu/12] ==> [/usr/lib/gcc/x86_64-linux-gnu/12]
  collapse library dir [/usr/lib/gcc/x86_64-linux-gnu/12/../../../x86_64-linux-gnu] ==> [/usr/lib/x86_64-linux-gnu]
  collapse library dir [/usr/lib/gcc/x86_64-linux-gnu/12/../../../../lib] ==> [/usr/lib]
  collapse library dir [/lib/x86_64-linux-gnu] ==> [/lib/x86_64-linux-gnu]
  collapse library dir [/lib/../lib] ==> [/lib]
  collapse library dir [/usr/lib/x86_64-linux-gnu] ==> [/usr/lib/x86_64-linux-gnu]
  collapse library dir [/usr/lib/../lib] ==> [/usr/lib]
  collapse library dir [/usr/lib/gcc/x86_64-linux-gnu/12/../../..] ==> [/usr/lib]
  implicit libs: [stdc++;m;gcc_s;gcc;c;gcc_s;gcc]
  implicit objs: [/usr/lib/x86_64-linux-gnu/Scrt1.o;/usr/lib/x86_64-linux-gnu/crti.o;/usr/lib/gcc/x86_64-linux-gnu/12/crtbeginS.o;/usr/lib/gcc/x86_64-linux-gnu/12/crtendS.o;/usr/lib/x86_64-linux-gnu/crtn.o]
  implicit dirs: [/usr/lib/gcc/x86_64-linux-gnu/12;/usr/lib/x86_64-linux-gnu;/usr/lib;/lib/x86_64-linux-gnu;/lib]
  implicit fwks: []


The system is: Linux - 6.5.0-44-generic - x86_64
Compiling the C compiler identification source file "CMakeCCompilerId.c" succeeded.
Compiler: /usr/bin/clang 
Build flags: 
Id flags:  

The output was:
0


Compilation of the C compiler identification source "CMakeCCompilerId.c" produced "a.out"

The C compiler identification is Clang, found in "/home/wys/Desktop/VScode_Template/c_template/ws/build/CMakeFiles/3.22.1/CompilerIdC/a.out"

Compiling the CXX compiler identification source file "CMakeCXXCompilerId.cpp" succeeded.
Compiler: /usr/bin/clang++ 
Build flags: 
Id flags:  

The output was:
0


Compilation of the CXX compiler identification source "CMakeCXXCompilerId.cpp" produced "a.out"

The CXX compiler identification is Clang, found in "/home/wys/Desktop/VScode_Template/c_template/ws/build/CMakeFiles/3.22.1/CompilerIdCXX/a.out"

Detecting C compiler ABI info compiled with the following output:
Change Dir: /home/wys/Desktop/VScode_Template/c_template/ws/build/CMakeFiles/CMakeTmp

Run Build Command(s):/usr/bin/ninja cmTC_3b3cf && [1/2] Building C object CMakeFiles/cmTC_3b3cf.dir/CMakeCCompilerABI.c.o
Ubuntu clang version 14.0.0-1ubuntu1.1
Target: x86_64-pc-linux-gnu
Thread model: posix
InstalledDir: /usr/bin
Found candidate GCC installation: /usr/bin/../lib/gcc/x86_64-linux-gnu/10
Found candidate GCC installation: /usr/bin/../lib/gcc/x86_64-linux-gnu/11
Found candidate GCC installation: /usr/bin/../lib/gcc/x86_64-linux-gnu/12
Selected GCC installation: /usr/bin/../lib/gcc/x86_64-linux-gnu/12
Candidate multilib: .;@m64
Selected multilib: .;@m64
Found CUDA installation: /usr/local/cuda-12.1, version 
 (in-process)
 "/usr/lib/llvm-14/bin/clang" -cc1 -triple x86_64-pc-linux-gnu -emit-obj -mrelax-all --mrelax-relocations -disable-free -clear-ast-before-backend -disable-llvm-verifier -discard-value-names -main-file-name CMakeCCompilerABI.c -mrelocation-model pic -pic-level 2 -pic-is-pie -mframe-pointer=all -fmath-errno -ffp-contract=on -fno-rounding-math -mconstructor-aliases -funwind-tables=2 -target-cpu x86-64 -tune-cpu generic -mllvm -treat-scalable-fixed-error-as-warning -debugger-tuning=gdb -v -fcoverage-compilation-dir=/home/wys/Desktop/VScode_Template/c_template/ws/build/CMakeFiles/CMakeTmp -resource-dir /usr/lib/llvm-14/lib/clang/14.0.0 -dependency-file CMakeFiles/cmTC_3b3cf.dir/CMakeCCompilerABI.c.o.d -MT CMakeFiles/cmTC_3b3cf.dir/CMakeCCompilerABI.c.o -sys-header-deps -cxx-isystem /usr/include/c++/12 -internal-isystem /usr/lib/llvm-14/lib/clang/14.0.0/include -internal-isystem /usr/local/include -internal-isystem /usr/bin/../lib/gcc/x86_64-linux-gnu/12/../../../../x86_64-linux-gnu/include -internal-externc-isystem /usr/include/x86_64-linux-gnu -internal-externc-isystem /include -internal-externc-isystem /usr/include -fdebug-compilation-dir=/home/wys/Desktop/VScode_Template/c_template/ws/build/CMakeFiles/CMakeTmp -ferror-limit 19 -fgnuc-version=4.2.1 -faddrsig -D__GCC_HAVE_DWARF2_CFI_ASM=1 -o CMakeFiles/cmTC_3b3cf.dir/CMakeCCompilerABI.c.o -x c /usr/share/cmake-3.22/Modules/CMakeCCompilerABI.c
clang -cc1 version 14.0.0 based upon LLVM 14.0.0 default target x86_64-pc-linux-gnu
ignoring nonexistent directory "/usr/bin/../lib/gcc/x86_64-linux-gnu/12/../../../../x86_64-linux-gnu/include"
ignoring nonexistent directory "/include"
#include "..." search starts here:
#include <...> search starts here:
 /usr/lib/llvm-14/lib/clang/14.0.0/include
 /usr/local/include
 /usr/include/x86_64-linux-gnu
 /usr/include
End of search list.
[2/2] Linking C executable cmTC_3b3cf
Ubuntu clang version 14.0.0-1ubuntu1.1
Target: x86_64-pc-linux-gnu
Thread model: posix
InstalledDir: /usr/bin
Found candidate GCC installation: /usr/bin/../lib/gcc/x86_64-linux-gnu/10
Found candidate GCC installation: /usr/bin/../lib/gcc/x86_64-linux-gnu/11
Found candidate GCC installation: /usr/bin/../lib/gcc/x86_64-linux-gnu/12
Selected GCC installation: /usr/bin/../lib/gcc/x86_64-linux-gnu/12
Candidate multilib: .;@m64
Selected multilib: .;@m64
Found CUDA installation: /usr/local/cuda-12.1, version 
 "/usr/bin/ld" -pie -export-dynamic -z relro --hash-style=gnu --build-id --eh-frame-hdr -m elf_x86_64 -export-dynamic -dynamic-linker /lib64/ld-linux-x86-64.so.2 -o cmTC_3b3cf /lib/x86_64-linux-gnu/Scrt1.o /lib/x86_64-linux-gnu/crti.o /usr/bin/../lib/gcc/x86_64-linux-gnu/12/crtbeginS.o -L/usr/bin/../lib/gcc/x86_64-linux-gnu/12 -L/usr/bin/../lib/gcc/x86_64-linux-gnu/12/../../../../lib64 -L/lib/x86_64-linux-gnu -L/lib/../lib64 -L/usr/lib/x86_64-linux-gnu -L/usr/lib/../lib64 -L/usr/lib/llvm-14/bin/../lib -L/lib -L/usr/lib CMakeFiles/cmTC_3b3cf.dir/CMakeCCompilerABI.c.o -lgcc --as-needed -lgcc_s --no-as-needed -lc -lgcc --as-needed -lgcc_s --no-as-needed /usr/bin/../lib/gcc/x86_64-linux-gnu/12/crtendS.o /lib/x86_64-linux-gnu/crtn.o



Parsed C implicit include dir info from above output: rv=done
  found start of include info
  found start of implicit include info
    add: [/usr/lib/llvm-14/lib/clang/14.0.0/include]
    add: [/usr/local/include]
    add: [/usr/include/x86_64-linux-gnu]
    add: [/usr/include]
  end of search list found
  collapse include dir [/usr/lib/llvm-14/lib/clang/14.0.0/include] ==> [/usr/lib/llvm-14/lib/clang/14.0.0/include]
  collapse include dir [/usr/local/include] ==> [/usr/local/include]
  collapse include dir [/usr/include/x86_64-linux-gnu] ==> [/usr/include/x86_64-linux-gnu]
  collapse include dir [/usr/include] ==> [/usr/include]
  implicit include dirs: [/usr/lib/llvm-14/lib/clang/14.0.0/include;/usr/local/include;/usr/include/x86_64-linux-gnu;/usr/include]


Parsed C implicit link information from above output:
  link line regex: [^( *|.*[/\])(ld|CMAKE_LINK_STARTFILE-NOTFOUND|([^/\]+-)?ld|collect2)[^/\]*( |$)]
  ignore line: [Change Dir: /home/wys/Desktop/VScode_Template/c_template/ws/build/CMakeFiles/CMakeTmp]
  ignore line: []
  ignore line: [Run Build Command(s):/usr/bin/ninja cmTC_3b3cf && [1/2] Building C object CMakeFiles/cmTC_3b3cf.dir/CMakeCCompilerABI.c.o]
  ignore line: [Ubuntu clang version 14.0.0-1ubuntu1.1]
  ignore line: [Target: x86_64-pc-linux-gnu]
  ignore line: [Thread model: posix]
  ignore line: [InstalledDir: /usr/bin]
  ignore line: [Found candidate GCC installation: /usr/bin/../lib/gcc/x86_64-linux-gnu/10]
  ignore line: [Found candidate GCC installation: /usr/bin/../lib/gcc/x86_64-linux-gnu/11]
  ignore line: [Found candidate GCC installation: /usr/bin/../lib/gcc/x86_64-linux-gnu/12]
  ignore line: [Selected GCC installation: /usr/bin/../lib/gcc/x86_64-linux-gnu/12]
  ignore line: [Candidate multilib: .]
  ignore line: [@m64]
  ignore line: [Selected multilib: .]
  ignore line: [@m64]
  ignore line: [Found CUDA installation: /usr/local/cuda-12.1  version ]
  ignore line: [ (in-process)]
  ignore line: [ "/usr/lib/llvm-14/bin/clang" -cc1 -triple x86_64-pc-linux-gnu -emit-obj -mrelax-all --mrelax-relocations -disable-free -clear-ast-before-backend -disable-llvm-verifier -discard-value-names -main-file-name CMakeCCompilerABI.c -mrelocation-model pic -pic-level 2 -pic-is-pie -mframe-pointer=all -fmath-errno -ffp-contract=on -fno-rounding-math -mconstructor-aliases -funwind-tables=2 -target-cpu x86-64 -tune-cpu generic -mllvm -treat-scalable-fixed-error-as-warning -debugger-tuning=gdb -v -fcoverage-compilation-dir=/home/wys/Desktop/VScode_Template/c_template/ws/build/CMakeFiles/CMakeTmp -resource-dir /usr/lib/llvm-14/lib/clang/14.0.0 -dependency-file CMakeFiles/cmTC_3b3cf.dir/CMakeCCompilerABI.c.o.d -MT CMakeFiles/cmTC_3b3cf.dir/CMakeCCompilerABI.c.o -sys-header-deps -cxx-isystem /usr/include/c++/12 -internal-isystem /usr/lib/llvm-14/lib/clang/14.0.0/include -internal-isystem /usr/local/include -internal-isystem /usr/bin/../lib/gcc/x86_64-linux-gnu/12/../../../../x86_64-linux-gnu/include -internal-externc-isystem /usr/include/x86_64-linux-gnu -internal-externc-isystem /include -internal-externc-isystem /usr/include -fdebug-compilation-dir=/home/wys/Desktop/VScode_Template/c_template/ws/build/CMakeFiles/CMakeTmp -ferror-limit 19 -fgnuc-version=4.2.1 -faddrsig -D__GCC_HAVE_DWARF2_CFI_ASM=1 -o CMakeFiles/cmTC_3b3cf.dir/CMakeCCompilerABI.c.o -x c /usr/share/cmake-3.22/Modules/CMakeCCompilerABI.c]
  ignore line: [clang -cc1 version 14.0.0 based upon LLVM 14.0.0 default target x86_64-pc-linux-gnu]
  ignore line: [ignoring nonexistent directory "/usr/bin/../lib/gcc/x86_64-linux-gnu/12/../../../../x86_64-linux-gnu/include"]
  ignore line: [ignoring nonexistent directory "/include"]
  ignore line: [#include "..." search starts here:]
  ignore line: [#include <...> search starts here:]
  ignore line: [ /usr/lib/llvm-14/lib/clang/14.0.0/include]
  ignore line: [ /usr/local/include]
  ignore line: [ /usr/include/x86_64-linux-gnu]
  ignore line: [ /usr/include]
  ignore line: [End of search list.]
  ignore line: [[2/2] Linking C executable cmTC_3b3cf]
  ignore line: [Ubuntu clang version 14.0.0-1ubuntu1.1]
  ignore line: [Target: x86_64-pc-linux-gnu]
  ignore line: [Thread model: posix]
  ignore line: [InstalledDir: /usr/bin]
  ignore line: [Found candidate GCC installation: /usr/bin/../lib/gcc/x86_64-linux-gnu/10]
  ignore line: [Found candidate GCC installation: /usr/bin/../lib/gcc/x86_64-linux-gnu/11]
  ignore line: [Found candidate GCC installation: /usr/bin/../lib/gcc/x86_64-linux-gnu/12]
  ignore line: [Selected GCC installation: /usr/bin/../lib/gcc/x86_64-linux-gnu/12]
  ignore line: [Candidate multilib: .]
  ignore line: [@m64]
  ignore line: [Selected multilib: .]
  ignore line: [@m64]
  ignore line: [Found CUDA installation: /usr/local/cuda-12.1  version ]
  link line: [ "/usr/bin/ld" -pie -export-dynamic -z relro --hash-style=gnu --build-id --eh-frame-hdr -m elf_x86_64 -export-dynamic -dynamic-linker /lib64/ld-linux-x86-64.so.2 -o cmTC_3b3cf /lib/x86_64-linux-gnu/Scrt1.o /lib/x86_64-linux-gnu/crti.o /usr/bin/../lib/gcc/x86_64-linux-gnu/12/crtbeginS.o -L/usr/bin/../lib/gcc/x86_64-linux-gnu/12 -L/usr/bin/../lib/gcc/x86_64-linux-gnu/12/../../../../lib64 -L/lib/x86_64-linux-gnu -L/lib/../lib64 -L/usr/lib/x86_64-linux-gnu -L/usr/lib/../lib64 -L/usr/lib/llvm-14/bin/../lib -L/lib -L/usr/lib CMakeFiles/cmTC_3b3cf.dir/CMakeCCompilerABI.c.o -lgcc --as-needed -lgcc_s --no-as-needed -lc -lgcc --as-needed -lgcc_s --no-as-needed /usr/bin/../lib/gcc/x86_64-linux-gnu/12/crtendS.o /lib/x86_64-linux-gnu/crtn.o]
    arg [/usr/bin/ld] ==> ignore
    arg [-pie] ==> ignore
    arg [-export-dynamic] ==> ignore
    arg [-zrelro] ==> ignore
    arg [--hash-style=gnu] ==> ignore
    arg [--build-id] ==> ignore
    arg [--eh-frame-hdr] ==> ignore
    arg [-m] ==> ignore
    arg [elf_x86_64] ==> ignore
    arg [-export-dynamic] ==> ignore
    arg [-dynamic-linker] ==> ignore
    arg [/lib64/ld-linux-x86-64.so.2] ==> ignore
    arg [-o] ==> ignore
    arg [cmTC_3b3cf] ==> ignore
    arg [/lib/x86_64-linux-gnu/Scrt1.o] ==> obj [/lib/x86_64-linux-gnu/Scrt1.o]
    arg [/lib/x86_64-linux-gnu/crti.o] ==> obj [/lib/x86_64-linux-gnu/crti.o]
    arg [/usr/bin/../lib/gcc/x86_64-linux-gnu/12/crtbeginS.o] ==> obj [/usr/bin/../lib/gcc/x86_64-linux-gnu/12/crtbeginS.o]
    arg [-L/usr/bin/../lib/gcc/x86_64-linux-gnu/12] ==> dir [/usr/bin/../lib/gcc/x86_64-linux-gnu/12]
    arg [-L/usr/bin/../lib/gcc/x86_64-linux-gnu/12/../../../../lib64] ==> dir [/usr/bin/../lib/gcc/x86_64-linux-gnu/12/../../../../lib64]
    arg [-L/lib/x86_64-linux-gnu] ==> dir [/lib/x86_64-linux-gnu]
    arg [-L/lib/../lib64] ==> dir [/lib/../lib64]
    arg [-L/usr/lib/x86_64-linux-gnu] ==> dir [/usr/lib/x86_64-linux-gnu]
    arg [-L/usr/lib/../lib64] ==> dir [/usr/lib/../lib64]
    arg [-L/usr/lib/llvm-14/bin/../lib] ==> dir [/usr/lib/llvm-14/bin/../lib]
    arg [-L/lib] ==> dir [/lib]
    arg [-L/usr/lib] ==> dir [/usr/lib]
    arg [CMakeFiles/cmTC_3b3cf.dir/CMakeCCompilerABI.c.o] ==> ignore
    arg [-lgcc] ==> lib [gcc]
    arg [--as-needed] ==> ignore
    arg [-lgcc_s] ==> lib [gcc_s]
    arg [--no-as-needed] ==> ignore
    arg [-lc] ==> lib [c]
    arg [-lgcc] ==> lib [gcc]
    arg [--as-needed] ==> ignore
    arg [-lgcc_s] ==> lib [gcc_s]
    arg [--no-as-needed] ==> ignore
    arg [/usr/bin/../lib/gcc/x86_64-linux-gnu/12/crtendS.o] ==> obj [/usr/bin/../lib/gcc/x86_64-linux-gnu/12/crtendS.o]
    arg [/lib/x86_64-linux-gnu/crtn.o] ==> obj [/lib/x86_64-linux-gnu/crtn.o]
  collapse obj [/usr/bin/../lib/gcc/x86_64-linux-gnu/12/crtbeginS.o] ==> [/usr/lib/gcc/x86_64-linux-gnu/12/crtbeginS.o]
  collapse obj [/usr/bin/../lib/gcc/x86_64-linux-gnu/12/crtendS.o] ==> [/usr/lib/gcc/x86_64-linux-gnu/12/crtendS.o]
  collapse library dir [/usr/bin/../lib/gcc/x86_64-linux-gnu/12] ==> [/usr/lib/gcc/x86_64-linux-gnu/12]
  collapse library dir [/usr/bin/../lib/gcc/x86_64-linux-gnu/12/../../../../lib64] ==> [/usr/lib64]
  collapse library dir [/lib/x86_64-linux-gnu] ==> [/lib/x86_64-linux-gnu]
  collapse library dir [/lib/../lib64] ==> [/lib64]
  collapse library dir [/usr/lib/x86_64-linux-gnu] ==> [/usr/lib/x86_64-linux-gnu]
  collapse library dir [/usr/lib/../lib64] ==> [/usr/lib64]
  collapse library dir [/usr/lib/llvm-14/bin/../lib] ==> [/usr/lib/llvm-14/lib]
  collapse library dir [/lib] ==> [/lib]
  collapse library dir [/usr/lib] ==> [/usr/lib]
  implicit libs: [gcc;gcc_s;c;gcc;gcc_s]
  implicit objs: [/lib/x86_64-linux-gnu/Scrt1.o;/lib/x86_64-linux-gnu/crti.o;/usr/lib/gcc/x86_64-linux-gnu/12/crtbeginS.o;/usr/lib/gcc/x86_64-linux-gnu/12/crtendS.o;/lib/x86_64-linux-gnu/crtn.o]
  implicit dirs: [/usr/lib/gcc/x86_64-linux-gnu/12;/usr/lib64;/lib/x86_64-linux-gnu;/lib64;/usr/lib/x86_64-linux-gnu;/usr/lib/llvm-14/lib;/lib;/usr/lib]
  implicit fwks: []


Detecting CXX compiler ABI info compiled with the following output:
Change Dir: /home/wys/Desktop/VScode_Template/c_template/ws/build/CMakeFiles/CMakeTmp

Run Build Command(s):/usr/bin/ninja cmTC_7f244 && [1/2] Building CXX object CMakeFiles/cmTC_7f244.dir/CMakeCXXCompilerABI.cpp.o
Ubuntu clang version 14.0.0-1ubuntu1.1
Target: x86_64-pc-linux-gnu
Thread model: posix
InstalledDir: /usr/bin
Found candidate GCC installation: /usr/bin/../lib/gcc/x86_64-linux-gnu/10
Found candidate GCC installation: /usr/bin/../lib/gcc/x86_64-linux-gnu/11
Found candidate GCC installation: /usr/bin/../lib/gcc/x86_64-linux-gnu/12
Selected GCC installation: /usr/bin/../lib/gcc/x86_64-linux-gnu/12
Candidate multilib: .;@m64
Selected multilib: .;@m64
Found CUDA installation: /usr/local/cuda-12.1, version 
 (in-process)
 "/usr/lib/llvm-14/bin/clang" -cc1 -triple x86_64-pc-linux-gnu -emit-obj -mrelax-all --mrelax-relocations -disable-free -clear-ast-before-backend -disable-llvm-verifier -discard-value-names -main-file-name CMakeCXXCompilerABI.cpp -mrelocation-model pic -pic-level 2 -pic-is-pie -mframe-pointer=all -fmath-errno -ffp-contract=on -fno-rounding-math -mconstructor-aliases -funwind-tables=2 -target-cpu x86-64 -tune-cpu generic -mllvm -treat-scalable-fixed-error-as-warning -debugger-tuning=gdb -v -fcoverage-compilation-dir=/home/wys/Desktop/VScode_Template/c_template/ws/build/CMakeFiles/CMakeTmp -resource-dir /usr/lib/llvm-14/lib/clang/14.0.0 -dependency-file CMakeFiles/cmTC_7f244.dir/CMakeCXXCompilerABI.cpp.o.d -MT CMakeFiles/cmTC_7f244.dir/CMakeCXXCompilerABI.cpp.o -sys-header-deps -cxx-isystem /usr/include/c++/12 -internal-isystem /usr/bin/../lib/gcc/x86_64-linux-gnu/12/../../../../include/c++/12 -internal-isystem /usr/bin/../lib/gcc/x86_64-linux-gnu/12/../../../../include/x86_64-linux-gnu/c++/12 -internal-isystem /usr/bin/../lib/gcc/x86_64-linux-gnu/12/../../../../include/c++/12/backward -internal-isystem /usr/lib/llvm-14/lib/clang/14.0.0/include -internal-isystem /usr/local/include -internal-isystem /usr/bin/../lib/gcc/x86_64-linux-gnu/12/../../../../x86_64-linux-gnu/include -internal-externc-isystem /usr/include/x86_64-linux-gnu -internal-externc-isystem /include -internal-externc-isystem /usr/include -fdeprecated-macro -fdebug-compilation-dir=/home/wys/Desktop/VScode_Template/c_template/ws/build/CMakeFiles/CMakeTmp -ferror-limit 19 -fgnuc-version=4.2.1 -fcxx-exceptions -fexceptions -faddrsig -D__GCC_HAVE_DWARF2_CFI_ASM=1 -o CMakeFiles/cmTC_7f244.dir/CMakeCXXCompilerABI.cpp.o -x c++ /usr/share/cmake-3.22/Modules/CMakeCXXCompilerABI.cpp
clang -cc1 version 14.0.0 based upon LLVM 14.0.0 default target x86_64-pc-linux-gnu
ignoring nonexistent directory "/usr/bin/../lib/gcc/x86_64-linux-gnu/12/../../../../x86_64-linux-gnu/include"
ignoring nonexistent directory "/include"
ignoring duplicate directory "/usr/include/c++/12"
#include "..." search starts here:
#include <...> search starts here:
 /usr/include/c++/12
 /usr/bin/../lib/gcc/x86_64-linux-gnu/12/../../../../include/x86_64-linux-gnu/c++/12
 /usr/bin/../lib/gcc/x86_64-linux-gnu/12/../../../../include/c++/12/backward
 /usr/lib/llvm-14/lib/clang/14.0.0/include
 /usr/local/include
 /usr/include/x86_64-linux-gnu
 /usr/include
End of search list.
[2/2] Linking CXX executable cmTC_7f244
Ubuntu clang version 14.0.0-1ubuntu1.1
Target: x86_64-pc-linux-gnu
Thread model: posix
InstalledDir: /usr/bin
Found candidate GCC installation: /usr/bin/../lib/gcc/x86_64-linux-gnu/10
Found candidate GCC installation: /usr/bin/../lib/gcc/x86_64-linux-gnu/11
Found candidate GCC installation: /usr/bin/../lib/gcc/x86_64-linux-gnu/12
Selected GCC installation: /usr/bin/../lib/gcc/x86_64-linux-gnu/12
Candidate multilib: .;@m64
Selected multilib: .;@m64
Found CUDA installation: /usr/local/cuda-12.1, version 
 "/usr/bin/ld" -pie -export-dynamic -z relro --hash-style=gnu --build-id --eh-frame-hdr -m elf_x86_64 -export-dynamic -dynamic-linker /lib64/ld-linux-x86-64.so.2 -o cmTC_7f244 /lib/x86_64-linux-gnu/Scrt1.o /lib/x86_64-linux-gnu/crti.o /usr/bin/../lib/gcc/x86_64-linux-gnu/12/crtbeginS.o -L/usr/bin/../lib/gcc/x86_64-linux-gnu/12 -L/usr/bin/../lib/gcc/x86_64-linux-gnu/12/../../../../lib64 -L/lib/x86_64-linux-gnu -L/lib/../lib64 -L/usr/lib/x86_64-linux-gnu -L/usr/lib/../lib64 -L/usr/lib/llvm-14/bin/../lib -L/lib -L/usr/lib CMakeFiles/cmTC_7f244.dir/CMakeCXXCompilerABI.cpp.o -lstdc++ -lm -lgcc_s -lgcc -lc -lgcc_s -lgcc /usr/bin/../lib/gcc/x86_64-linux-gnu/12/crtendS.o /lib/x86_64-linux-gnu/crtn.o



Parsed CXX implicit include dir info from above output: rv=done
  found start of include info
  found start of implicit include info
    add: [/usr/include/c++/12]
    add: [/usr/bin/../lib/gcc/x86_64-linux-gnu/12/../../../../include/x86_64-linux-gnu/c++/12]
    add: [/usr/bin/../lib/gcc/x86_64-linux-gnu/12/../../../../include/c++/12/backward]
    add: [/usr/lib/llvm-14/lib/clang/14.0.0/include]
    add: [/usr/local/include]
    add: [/usr/include/x86_64-linux-gnu]
    add: [/usr/include]
  end of search list found
  collapse include dir [/usr/include/c++/12] ==> [/usr/include/c++/12]
  collapse include dir [/usr/bin/../lib/gcc/x86_64-linux-gnu/12/../../../../include/x86_64-linux-gnu/c++/12] ==> [/usr/include/x86_64-linux-gnu/c++/12]
  collapse include dir [/usr/bin/../lib/gcc/x86_64-linux-gnu/12/../../../../include/c++/12/backward] ==> [/usr/include/c++/12/backward]
  collapse include dir [/usr/lib/llvm-14/lib/clang/14.0.0/include] ==> [/usr/lib/llvm-14/lib/clang/14.0.0/include]
  collapse include dir [/usr/local/include] ==> [/usr/local/include]
  collapse include dir [/usr/include/x86_64-linux-gnu] ==> [/usr/include/x86_64-linux-gnu]
  collapse include dir [/usr/include] ==> [/usr/include]
  implicit include dirs: [/usr/include/c++/12;/usr/include/x86_64-linux-gnu/c++/12;/usr/include/c++/12/backward;/usr/lib/llvm-14/lib/clang/14.0.0/include;/usr/local/include;/usr/include/x86_64-linux-gnu;/usr/include]


Parsed CXX implicit link information from above output:
  link line regex: [^( *|.*[/\])(ld|CMAKE_LINK_STARTFILE-NOTFOUND|([^/\]+-)?ld|collect2)[^/\]*( |$)]
  ignore line: [Change Dir: /home/wys/Desktop/VScode_Template/c_template/ws/build/CMakeFiles/CMakeTmp]
  ignore line: []
  ignore line: [Run Build Command(s):/usr/bin/ninja cmTC_7f244 && [1/2] Building CXX object CMakeFiles/cmTC_7f244.dir/CMakeCXXCompilerABI.cpp.o]
  ignore line: [Ubuntu clang version 14.0.0-1ubuntu1.1]
  ignore line: [Target: x86_64-pc-linux-gnu]
  ignore line: [Thread model: posix]
  ignore line: [InstalledDir: /usr/bin]
  ignore line: [Found candidate GCC installation: /usr/bin/../lib/gcc/x86_64-linux-gnu/10]
  ignore line: [Found candidate GCC installation: /usr/bin/../lib/gcc/x86_64-linux-gnu/11]
  ignore line: [Found candidate GCC installation: /usr/bin/../lib/gcc/x86_64-linux-gnu/12]
  ignore line: [Selected GCC installation: /usr/bin/../lib/gcc/x86_64-linux-gnu/12]
  ignore line: [Candidate multilib: .]
  ignore line: [@m64]
  ignore line: [Selected multilib: .]
  ignore line: [@m64]
  ignore line: [Found CUDA installation: /usr/local/cuda-12.1  version ]
  ignore line: [ (in-process)]
  ignore line: [ "/usr/lib/llvm-14/bin/clang" -cc1 -triple x86_64-pc-linux-gnu -emit-obj -mrelax-all --mrelax-relocations -disable-free -clear-ast-before-backend -disable-llvm-verifier -discard-value-names -main-file-name CMakeCXXCompilerABI.cpp -mrelocation-model pic -pic-level 2 -pic-is-pie -mframe-pointer=all -fmath-errno -ffp-contract=on -fno-rounding-math -mconstructor-aliases -funwind-tables=2 -target-cpu x86-64 -tune-cpu generic -mllvm -treat-scalable-fixed-error-as-warning -debugger-tuning=gdb -v -fcoverage-compilation-dir=/home/wys/Desktop/VScode_Template/c_template/ws/build/CMakeFiles/CMakeTmp -resource-dir /usr/lib/llvm-14/lib/clang/14.0.0 -dependency-file CMakeFiles/cmTC_7f244.dir/CMakeCXXCompilerABI.cpp.o.d -MT CMakeFiles/cmTC_7f244.dir/CMakeCXXCompilerABI.cpp.o -sys-header-deps -cxx-isystem /usr/include/c++/12 -internal-isystem /usr/bin/../lib/gcc/x86_64-linux-gnu/12/../../../../include/c++/12 -internal-isystem /usr/bin/../lib/gcc/x86_64-linux-gnu/12/../../../../include/x86_64-linux-gnu/c++/12 -internal-isystem /usr/bin/../lib/gcc/x86_64-linux-gnu/12/../../../../include/c++/12/backward -internal-isystem /usr/lib/llvm-14/lib/clang/14.0.0/include -internal-isystem /usr/local/include -internal-isystem /usr/bin/../lib/gcc/x86_64-linux-gnu/12/../../../../x86_64-linux-gnu/include -internal-externc-isystem /usr/include/x86_64-linux-gnu -internal-externc-isystem /include -internal-externc-isystem /usr/include -fdeprecated-macro -fdebug-compilation-dir=/home/wys/Desktop/VScode_Template/c_template/ws/build/CMakeFiles/CMakeTmp -ferror-limit 19 -fgnuc-version=4.2.1 -fcxx-exceptions -fexceptions -faddrsig -D__GCC_HAVE_DWARF2_CFI_ASM=1 -o CMakeFiles/cmTC_7f244.dir/CMakeCXXCompilerABI.cpp.o -x c++ /usr/share/cmake-3.22/Modules/CMakeCXXCompilerABI.cpp]
  ignore line: [clang -cc1 version 14.0.0 based upon LLVM 14.0.0 default target x86_64-pc-linux-gnu]
  ignore line: [ignoring nonexistent directory "/usr/bin/../lib/gcc/x86_64-linux-gnu/12/../../../../x86_64-linux-gnu/include"]
  ignore line: [ignoring nonexistent directory "/include"]
  ignore line: [ignoring duplicate directory "/usr/include/c++/12"]
  ignore line: [#include "..." search starts here:]
  ignore line: [#include <...> search starts here:]
  ignore line: [ /usr/include/c++/12]
  ignore line: [ /usr/bin/../lib/gcc/x86_64-linux-gnu/12/../../../../include/x86_64-linux-gnu/c++/12]
  ignore line: [ /usr/bin/../lib/gcc/x86_64-linux-gnu/12/../../../../include/c++/12/backward]
  ignore line: [ /usr/lib/llvm-14/lib/clang/14.0.0/include]
  ignore line: [ /usr/local/include]
  ignore line: [ /usr/include/x86_64-linux-gnu]
  ignore line: [ /usr/include]
  ignore line: [End of search list.]
  ignore line: [[2/2] Linking CXX executable cmTC_7f244]
  ignore line: [Ubuntu clang version 14.0.0-1ubuntu1.1]
  ignore line: [Target: x86_64-pc-linux-gnu]
  ignore line: [Thread model: posix]
  ignore line: [InstalledDir: /usr/bin]
  ignore line: [Found candidate GCC installation: /usr/bin/../lib/gcc/x86_64-linux-gnu/10]
  ignore line: [Found candidate GCC installation: /usr/bin/../lib/gcc/x86_64-linux-gnu/11]
  ignore line: [Found candidate GCC installation: /usr/bin/../lib/gcc/x86_64-linux-gnu/12]
  ignore line: [Selected GCC installation: /usr/bin/../lib/gcc/x86_64-linux-gnu/12]
  ignore line: [Candidate multilib: .]
  ignore line: [@m64]
  ignore line: [Selected multilib: .]
  ignore line: [@m64]
  ignore line: [Found CUDA installation: /usr/local/cuda-12.1  version ]
  link line: [ "/usr/bin/ld" -pie -export-dynamic -z relro --hash-style=gnu --build-id --eh-frame-hdr -m elf_x86_64 -export-dynamic -dynamic-linker /lib64/ld-linux-x86-64.so.2 -o cmTC_7f244 /lib/x86_64-linux-gnu/Scrt1.o /lib/x86_64-linux-gnu/crti.o /usr/bin/../lib/gcc/x86_64-linux-gnu/12/crtbeginS.o -L/usr/bin/../lib/gcc/x86_64-linux-gnu/12 -L/usr/bin/../lib/gcc/x86_64-linux-gnu/12/../../../../lib64 -L/lib/x86_64-linux-gnu -L/lib/../lib64 -L/usr/lib/x86_64-linux-gnu -L/usr/lib/../lib64 -L/usr/lib/llvm-14/bin/../lib -L/lib -L/usr/lib CMakeFiles/cmTC_7f244.dir/CMakeCXXCompilerABI.cpp.o -lstdc++ -lm -lgcc_s -lgcc -lc -lgcc_s -lgcc /usr/bin/../lib/gcc/x86_64-linux-gnu/12/crtendS.o /lib/x86_64-linux-gnu/crtn.o]
    arg [/usr/bin/ld] ==> ignore
    arg [-pie] ==> ignore
    arg [-export-dynamic] ==> ignore
    arg [-zrelro] ==> ignore
    arg [--hash-style=gnu] ==> ignore
    arg [--build-id] ==> ignore
    arg [--eh-frame-hdr] ==> ignore
    arg [-m] ==> ignore
    arg [elf_x86_64] ==> ignore
    arg [-export-dynamic] ==> ignore
    arg [-dynamic-linker] ==> ignore
    arg [/lib64/ld-linux-x86-64.so.2] ==> ignore
    arg [-o] ==> ignore
    arg [cmTC_7f244] ==> ignore
    arg [/lib/x86_64-linux-gnu/Scrt1.o] ==> obj [/lib/x86_64-linux-gnu/Scrt1.o]
    arg [/lib/x86_64-linux-gnu/crti.o] ==> obj [/lib/x86_64-linux-gnu/crti.o]
    arg [/usr/bin/../lib/gcc/x86_64-linux-gnu/12/crtbeginS.o] ==> obj [/usr/bin/../lib/gcc/x86_64-linux-gnu/12/crtbeginS.o]
    arg [-L/usr/bin/../lib/gcc/x86_64-linux-gnu/12] ==> dir [/usr/bin/../lib/gcc/x86_64-linux-gnu/12]
    arg [-L/usr/bin/../lib/gcc/x86_64-linux-gnu/12/../../../../lib64] ==> dir [/usr/bin/../lib/gcc/x86_64-linux-gnu/12/../../../../lib64]
    arg [-L/lib/x86_64-linux-gnu] ==> dir [/lib/x86_64-linux-gnu]
    arg [-L/lib/../lib64] ==> dir [/lib/../lib64]
    arg [-L/usr/lib/x86_64-linux-gnu] ==> dir [/usr/lib/x86_64-linux-gnu]
    arg [-L/usr/lib/../lib64] ==> dir [/usr/lib/../lib64]
    arg [-L/usr/lib/llvm-14/bin/../lib] ==> dir [/usr/lib/llvm-14/bin/../lib]
    arg [-L/lib] ==> dir [/lib]
    arg [-L/usr/lib] ==> dir [/usr/lib]
    arg [CMakeFiles/cmTC_7f244.dir/CMakeCXXCompilerABI.cpp.o] ==> ignore
    arg [-lstdc++] ==> lib [stdc++]
    arg [-lm] ==> lib [m]
    arg [-lgcc_s] ==> lib [gcc_s]
    arg [-lgcc] ==> lib [gcc]
    arg [-lc] ==> lib [c]
    arg [-lgcc_s] ==> lib [gcc_s]
    arg [-lgcc] ==> lib [gcc]
    arg [/usr/bin/../lib/gcc/x86_64-linux-gnu/12/crtendS.o] ==> obj [/usr/bin/../lib/gcc/x86_64-linux-gnu/12/crtendS.o]
    arg [/lib/x86_64-linux-gnu/crtn.o] ==> obj [/lib/x86_64-linux-gnu/crtn.o]
  collapse obj [/usr/bin/../lib/gcc/x86_64-linux-gnu/12/crtbeginS.o] ==> [/usr/lib/gcc/x86_64-linux-gnu/12/crtbeginS.o]
  collapse obj [/usr/bin/../lib/gcc/x86_64-linux-gnu/12/crtendS.o] ==> [/usr/lib/gcc/x86_64-linux-gnu/12/crtendS.o]
  collapse library dir [/usr/bin/../lib/gcc/x86_64-linux-gnu/12] ==> [/usr/lib/gcc/x86_64-linux-gnu/12]
  collapse library dir [/usr/bin/../lib/gcc/x86_64-linux-gnu/12/../../../../lib64] ==> [/usr/lib64]
  collapse library dir [/lib/x86_64-linux-gnu] ==> [/lib/x86_64-linux-gnu]
  collapse library dir [/lib/../lib64] ==> [/lib64]
  collapse library dir [/usr/lib/x86_64-linux-gnu] ==> [/usr/lib/x86_64-linux-gnu]
  collapse library dir [/usr/lib/../lib64] ==> [/usr/lib64]
  collapse library dir [/usr/lib/llvm-14/bin/../lib] ==> [/usr/lib/llvm-14/lib]
  collapse library dir [/lib] ==> [/lib]
  collapse library dir [/usr/lib] ==> [/usr/lib]
  implicit libs: [stdc++;m;gcc_s;gcc;c;gcc_s;gcc]
  implicit objs: [/lib/x86_64-linux-gnu/Scrt1.o;/lib/x86_64-linux-gnu/crti.o;/usr/lib/gcc/x86_64-linux-gnu/12/crtbeginS.o;/usr/lib/gcc/x86_64-linux-gnu/12/crtendS.o;/lib/x86_64-linux-gnu/crtn.o]
  implicit dirs: [/usr/lib/gcc/x86_64-linux-gnu/12;/usr/lib64;/lib/x86_64-linux-gnu;/lib64;/usr/lib/x86_64-linux-gnu;/usr/lib/llvm-14/lib;/lib;/usr/lib]
  implicit fwks: []


The system is: Linux - 6.8.0-49-generic - x86_64
Compiling the C compiler identification source file "CMakeCCompilerId.c" succeeded.
Compiler: /usr/bin/clang 
Build flags: 
Id flags:  

The output was:
0


Compilation of the C compiler identification source "CMakeCCompilerId.c" produced "a.out"

The C compiler identification is Clang, found in "/home/wys/Desktop/VScode_Template/c_template/ws/build/CMakeFiles/3.25.1/CompilerIdC/a.out"

Compiling the CXX compiler identification source file "CMakeCXXCompilerId.cpp" succeeded.
Compiler: /usr/bin/clang++ 
Build flags: 
Id flags:  

The output was:
0


Compilation of the CXX compiler identification source "CMakeCXXCompilerId.cpp" produced "a.out"

The CXX compiler identification is Clang, found in "/home/wys/Desktop/VScode_Template/c_template/ws/build/CMakeFiles/3.25.1/CompilerIdCXX/a.out"

Detecting C compiler ABI info compiled with the following output:
Change Dir: /home/wys/Desktop/VScode_Template/c_template/ws/build/CMakeFiles/CMakeScratch/TryCompile-Xu4le5

Run Build Command(s):/usr/bin/ninja cmTC_e0338 && [1/2] Building C object CMakeFiles/cmTC_e0338.dir/CMakeCCompilerABI.c.o
Ubuntu clang version 14.0.0-1ubuntu1.1
Target: x86_64-pc-linux-gnu
Thread model: posix
InstalledDir: /usr/bin
Found candidate GCC installation: /usr/bin/../lib/gcc/x86_64-linux-gnu/10
Found candidate GCC installation: /usr/bin/../lib/gcc/x86_64-linux-gnu/11
Found candidate GCC installation: /usr/bin/../lib/gcc/x86_64-linux-gnu/12
Selected GCC installation: /usr/bin/../lib/gcc/x86_64-linux-gnu/12
Candidate multilib: .;@m64
Selected multilib: .;@m64
Found CUDA installation: /usr/local/cuda-12.1, version 
 (in-process)
 "/usr/lib/llvm-14/bin/clang" -cc1 -triple x86_64-pc-linux-gnu -emit-obj -mrelax-all --mrelax-relocations -disable-free -clear-ast-before-backend -disable-llvm-verifier -discard-value-names -main-file-name CMakeCCompilerABI.c -mrelocation-model pic -pic-level 2 -pic-is-pie -mframe-pointer=all -fmath-errno -ffp-contract=on -fno-rounding-math -mconstructor-aliases -funwind-tables=2 -target-cpu x86-64 -tune-cpu generic -mllvm -treat-scalable-fixed-error-as-warning -debugger-tuning=gdb -v -fcoverage-compilation-dir=/home/wys/Desktop/VScode_Template/c_template/ws/build/CMakeFiles/CMakeScratch/TryCompile-Xu4le5 -resource-dir /usr/lib/llvm-14/lib/clang/14.0.0 -dependency-file CMakeFiles/cmTC_e0338.dir/CMakeCCompilerABI.c.o.d -MT CMakeFiles/cmTC_e0338.dir/CMakeCCompilerABI.c.o -sys-header-deps -cxx-isystem /usr/include/c++/12 -internal-isystem /usr/lib/llvm-14/lib/clang/14.0.0/include -internal-isystem /usr/local/include -internal-isystem /usr/bin/../lib/gcc/x86_64-linux-gnu/12/../../../../x86_64-linux-gnu/include -internal-externc-isystem /usr/include/x86_64-linux-gnu -internal-externc-isystem /include -internal-externc-isystem /usr/include -fdebug-compilation-dir=/home/wys/Desktop/VScode_Template/c_template/ws/build/CMakeFiles/CMakeScratch/TryCompile-Xu4le5 -ferror-limit 19 -fgnuc-version=4.2.1 -faddrsig -D__GCC_HAVE_DWARF2_CFI_ASM=1 -o CMakeFiles/cmTC_e0338.dir/CMakeCCompilerABI.c.o -x c /usr/share/cmake-3.25/Modules/CMakeCCompilerABI.c
clang -cc1 version 14.0.0 based upon LLVM 14.0.0 default target x86_64-pc-linux-gnu
ignoring nonexistent directory "/usr/bin/../lib/gcc/x86_64-linux-gnu/12/../../../../x86_64-linux-gnu/include"
ignoring nonexistent directory "/include"
#include "..." search starts here:
#include <...> search starts here:
 /usr/lib/llvm-14/lib/clang/14.0.0/include
 /usr/local/include
 /usr/include/x86_64-linux-gnu
 /usr/include
End of search list.
[2/2] Linking C executable cmTC_e0338
Ubuntu clang version 14.0.0-1ubuntu1.1
Target: x86_64-pc-linux-gnu
Thread model: posix
InstalledDir: /usr/bin
Found candidate GCC installation: /usr/bin/../lib/gcc/x86_64-linux-gnu/10
Found candidate GCC installation: /usr/bin/../lib/gcc/x86_64-linux-gnu/11
Found candidate GCC installation: /usr/bin/../lib/gcc/x86_64-linux-gnu/12
Selected GCC installation: /usr/bin/../lib/gcc/x86_64-linux-gnu/12
Candidate multilib: .;@m64
Selected multilib: .;@m64
Found CUDA installation: /usr/local/cuda-12.1, version 
 "/usr/bin/ld" -pie -export-dynamic -z relro --hash-style=gnu --build-id --eh-frame-hdr -m elf_x86_64 -export-dynamic -dynamic-linker /lib64/ld-linux-x86-64.so.2 -o cmTC_e0338 /lib/x86_64-linux-gnu/Scrt1.o /lib/x86_64-linux-gnu/crti.o /usr/bin/../lib/gcc/x86_64-linux-gnu/12/crtbeginS.o -L/usr/bin/../lib/gcc/x86_64-linux-gnu/12 -L/usr/bin/../lib/gcc/x86_64-linux-gnu/12/../../../../lib64 -L/lib/x86_64-linux-gnu -L/lib/../lib64 -L/usr/lib/x86_64-linux-gnu -L/usr/lib/../lib64 -L/usr/lib/llvm-14/bin/../lib -L/lib -L/usr/lib CMakeFiles/cmTC_e0338.dir/CMakeCCompilerABI.c.o -lgcc --as-needed -lgcc_s --no-as-needed -lc -lgcc --as-needed -lgcc_s --no-as-needed /usr/bin/../lib/gcc/x86_64-linux-gnu/12/crtendS.o /lib/x86_64-linux-gnu/crtn.o



Parsed C implicit include dir info from above output: rv=done
  found start of include info
  found start of implicit include info
    add: [/usr/lib/llvm-14/lib/clang/14.0.0/include]
    add: [/usr/local/include]
    add: [/usr/include/x86_64-linux-gnu]
    add: [/usr/include]
  end of search list found
  collapse include dir [/usr/lib/llvm-14/lib/clang/14.0.0/include] ==> [/usr/lib/llvm-14/lib/clang/14.0.0/include]
  collapse include dir [/usr/local/include] ==> [/usr/local/include]
  collapse include dir [/usr/include/x86_64-linux-gnu] ==> [/usr/include/x86_64-linux-gnu]
  collapse include dir [/usr/include] ==> [/usr/include]
  implicit include dirs: [/usr/lib/llvm-14/lib/clang/14.0.0/include;/usr/local/include;/usr/include/x86_64-linux-gnu;/usr/include]


Parsed C implicit link information from above output:
  link line regex: [^( *|.*[/\])(ld|CMAKE_LINK_STARTFILE-NOTFOUND|([^/\]+-)?ld|collect2)[^/\]*( |$)]
  ignore line: [Change Dir: /home/wys/Desktop/VScode_Template/c_template/ws/build/CMakeFiles/CMakeScratch/TryCompile-Xu4le5]
  ignore line: []
  ignore line: [Run Build Command(s):/usr/bin/ninja cmTC_e0338 && [1/2] Building C object CMakeFiles/cmTC_e0338.dir/CMakeCCompilerABI.c.o]
  ignore line: [Ubuntu clang version 14.0.0-1ubuntu1.1]
  ignore line: [Target: x86_64-pc-linux-gnu]
  ignore line: [Thread model: posix]
  ignore line: [InstalledDir: /usr/bin]
  ignore line: [Found candidate GCC installation: /usr/bin/../lib/gcc/x86_64-linux-gnu/10]
  ignore line: [Found candidate GCC installation: /usr/bin/../lib/gcc/x86_64-linux-gnu/11]
  ignore line: [Found candidate GCC installation: /usr/bin/../lib/gcc/x86_64-linux-gnu/12]
  ignore line: [Selected GCC installation: /usr/bin/../lib/gcc/x86_64-linux-gnu/12]
  ignore line: [Candidate multilib: .]
  ignore line: [@m64]
  ignore line: [Selected multilib: .]
  ignore line: [@m64]
  ignore line: [Found CUDA installation: /usr/local/cuda-12.1  version ]
  ignore line: [ (in-process)]
  ignore line: [ "/usr/lib/llvm-14/bin/clang" -cc1 -triple x86_64-pc-linux-gnu -emit-obj -mrelax-all --mrelax-relocations -disable-free -clear-ast-before-backend -disable-llvm-verifier -discard-value-names -main-file-name CMakeCCompilerABI.c -mrelocation-model pic -pic-level 2 -pic-is-pie -mframe-pointer=all -fmath-errno -ffp-contract=on -fno-rounding-math -mconstructor-aliases -funwind-tables=2 -target-cpu x86-64 -tune-cpu generic -mllvm -treat-scalable-fixed-error-as-warning -debugger-tuning=gdb -v -fcoverage-compilation-dir=/home/wys/Desktop/VScode_Template/c_template/ws/build/CMakeFiles/CMakeScratch/TryCompile-Xu4le5 -resource-dir /usr/lib/llvm-14/lib/clang/14.0.0 -dependency-file CMakeFiles/cmTC_e0338.dir/CMakeCCompilerABI.c.o.d -MT CMakeFiles/cmTC_e0338.dir/CMakeCCompilerABI.c.o -sys-header-deps -cxx-isystem /usr/include/c++/12 -internal-isystem /usr/lib/llvm-14/lib/clang/14.0.0/include -internal-isystem /usr/local/include -internal-isystem /usr/bin/../lib/gcc/x86_64-linux-gnu/12/../../../../x86_64-linux-gnu/include -internal-externc-isystem /usr/include/x86_64-linux-gnu -internal-externc-isystem /include -internal-externc-isystem /usr/include -fdebug-compilation-dir=/home/wys/Desktop/VScode_Template/c_template/ws/build/CMakeFiles/CMakeScratch/TryCompile-Xu4le5 -ferror-limit 19 -fgnuc-version=4.2.1 -faddrsig -D__GCC_HAVE_DWARF2_CFI_ASM=1 -o CMakeFiles/cmTC_e0338.dir/CMakeCCompilerABI.c.o -x c /usr/share/cmake-3.25/Modules/CMakeCCompilerABI.c]
  ignore line: [clang -cc1 version 14.0.0 based upon LLVM 14.0.0 default target x86_64-pc-linux-gnu]
  ignore line: [ignoring nonexistent directory "/usr/bin/../lib/gcc/x86_64-linux-gnu/12/../../../../x86_64-linux-gnu/include"]
  ignore line: [ignoring nonexistent directory "/include"]
  ignore line: [#include "..." search starts here:]
  ignore line: [#include <...> search starts here:]
  ignore line: [ /usr/lib/llvm-14/lib/clang/14.0.0/include]
  ignore line: [ /usr/local/include]
  ignore line: [ /usr/include/x86_64-linux-gnu]
  ignore line: [ /usr/include]
  ignore line: [End of search list.]
  ignore line: [[2/2] Linking C executable cmTC_e0338]
  ignore line: [Ubuntu clang version 14.0.0-1ubuntu1.1]
  ignore line: [Target: x86_64-pc-linux-gnu]
  ignore line: [Thread model: posix]
  ignore line: [InstalledDir: /usr/bin]
  ignore line: [Found candidate GCC installation: /usr/bin/../lib/gcc/x86_64-linux-gnu/10]
  ignore line: [Found candidate GCC installation: /usr/bin/../lib/gcc/x86_64-linux-gnu/11]
  ignore line: [Found candidate GCC installation: /usr/bin/../lib/gcc/x86_64-linux-gnu/12]
  ignore line: [Selected GCC installation: /usr/bin/../lib/gcc/x86_64-linux-gnu/12]
  ignore line: [Candidate multilib: .]
  ignore line: [@m64]
  ignore line: [Selected multilib: .]
  ignore line: [@m64]
  ignore line: [Found CUDA installation: /usr/local/cuda-12.1  version ]
  link line: [ "/usr/bin/ld" -pie -export-dynamic -z relro --hash-style=gnu --build-id --eh-frame-hdr -m elf_x86_64 -export-dynamic -dynamic-linker /lib64/ld-linux-x86-64.so.2 -o cmTC_e0338 /lib/x86_64-linux-gnu/Scrt1.o /lib/x86_64-linux-gnu/crti.o /usr/bin/../lib/gcc/x86_64-linux-gnu/12/crtbeginS.o -L/usr/bin/../lib/gcc/x86_64-linux-gnu/12 -L/usr/bin/../lib/gcc/x86_64-linux-gnu/12/../../../../lib64 -L/lib/x86_64-linux-gnu -L/lib/../lib64 -L/usr/lib/x86_64-linux-gnu -L/usr/lib/../lib64 -L/usr/lib/llvm-14/bin/../lib -L/lib -L/usr/lib CMakeFiles/cmTC_e0338.dir/CMakeCCompilerABI.c.o -lgcc --as-needed -lgcc_s --no-as-needed -lc -lgcc --as-needed -lgcc_s --no-as-needed /usr/bin/../lib/gcc/x86_64-linux-gnu/12/crtendS.o /lib/x86_64-linux-gnu/crtn.o]
    arg [/usr/bin/ld] ==> ignore
    arg [-pie] ==> ignore
    arg [-export-dynamic] ==> ignore
    arg [-zrelro] ==> ignore
    arg [--hash-style=gnu] ==> ignore
    arg [--build-id] ==> ignore
    arg [--eh-frame-hdr] ==> ignore
    arg [-m] ==> ignore
    arg [elf_x86_64] ==> ignore
    arg [-export-dynamic] ==> ignore
    arg [-dynamic-linker] ==> ignore
    arg [/lib64/ld-linux-x86-64.so.2] ==> ignore
    arg [-o] ==> ignore
    arg [cmTC_e0338] ==> ignore
    arg [/lib/x86_64-linux-gnu/Scrt1.o] ==> obj [/lib/x86_64-linux-gnu/Scrt1.o]
    arg [/lib/x86_64-linux-gnu/crti.o] ==> obj [/lib/x86_64-linux-gnu/crti.o]
    arg [/usr/bin/../lib/gcc/x86_64-linux-gnu/12/crtbeginS.o] ==> obj [/usr/bin/../lib/gcc/x86_64-linux-gnu/12/crtbeginS.o]
    arg [-L/usr/bin/../lib/gcc/x86_64-linux-gnu/12] ==> dir [/usr/bin/../lib/gcc/x86_64-linux-gnu/12]
    arg [-L/usr/bin/../lib/gcc/x86_64-linux-gnu/12/../../../../lib64] ==> dir [/usr/bin/../lib/gcc/x86_64-linux-gnu/12/../../../../lib64]
    arg [-L/lib/x86_64-linux-gnu] ==> dir [/lib/x86_64-linux-gnu]
    arg [-L/lib/../lib64] ==> dir [/lib/../lib64]
    arg [-L/usr/lib/x86_64-linux-gnu] ==> dir [/usr/lib/x86_64-linux-gnu]
    arg [-L/usr/lib/../lib64] ==> dir [/usr/lib/../lib64]
    arg [-L/usr/lib/llvm-14/bin/../lib] ==> dir [/usr/lib/llvm-14/bin/../lib]
    arg [-L/lib] ==> dir [/lib]
    arg [-L/usr/lib] ==> dir [/usr/lib]
    arg [CMakeFiles/cmTC_e0338.dir/CMakeCCompilerABI.c.o] ==> ignore
    arg [-lgcc] ==> lib [gcc]
    arg [--as-needed] ==> ignore
    arg [-lgcc_s] ==> lib [gcc_s]
    arg [--no-as-needed] ==> ignore
    arg [-lc] ==> lib [c]
    arg [-lgcc] ==> lib [gcc]
    arg [--as-needed] ==> ignore
    arg [-lgcc_s] ==> lib [gcc_s]
    arg [--no-as-needed] ==> ignore
    arg [/usr/bin/../lib/gcc/x86_64-linux-gnu/12/crtendS.o] ==> obj [/usr/bin/../lib/gcc/x86_64-linux-gnu/12/crtendS.o]
    arg [/lib/x86_64-linux-gnu/crtn.o] ==> obj [/lib/x86_64-linux-gnu/crtn.o]
  collapse obj [/usr/bin/../lib/gcc/x86_64-linux-gnu/12/crtbeginS.o] ==> [/usr/lib/gcc/x86_64-linux-gnu/12/crtbeginS.o]
  collapse obj [/usr/bin/../lib/gcc/x86_64-linux-gnu/12/crtendS.o] ==> [/usr/lib/gcc/x86_64-linux-gnu/12/crtendS.o]
  collapse library dir [/usr/bin/../lib/gcc/x86_64-linux-gnu/12] ==> [/usr/lib/gcc/x86_64-linux-gnu/12]
  collapse library dir [/usr/bin/../lib/gcc/x86_64-linux-gnu/12/../../../../lib64] ==> [/usr/lib64]
  collapse library dir [/lib/x86_64-linux-gnu] ==> [/lib/x86_64-linux-gnu]
  collapse library dir [/lib/../lib64] ==> [/lib64]
  collapse library dir [/usr/lib/x86_64-linux-gnu] ==> [/usr/lib/x86_64-linux-gnu]
  collapse library dir [/usr/lib/../lib64] ==> [/usr/lib64]
  collapse library dir [/usr/lib/llvm-14/bin/../lib] ==> [/usr/lib/llvm-14/lib]
  collapse library dir [/lib] ==> [/lib]
  collapse library dir [/usr/lib] ==> [/usr/lib]
  implicit libs: [gcc;gcc_s;c;gcc;gcc_s]
  implicit objs: [/lib/x86_64-linux-gnu/Scrt1.o;/lib/x86_64-linux-gnu/crti.o;/usr/lib/gcc/x86_64-linux-gnu/12/crtbeginS.o;/usr/lib/gcc/x86_64-linux-gnu/12/crtendS.o;/lib/x86_64-linux-gnu/crtn.o]
  implicit dirs: [/usr/lib/gcc/x86_64-linux-gnu/12;/usr/lib64;/lib/x86_64-linux-gnu;/lib64;/usr/lib/x86_64-linux-gnu;/usr/lib/llvm-14/lib;/lib;/usr/lib]
  implicit fwks: []


Detecting CXX compiler ABI info compiled with the following output:
Change Dir: /home/wys/Desktop/VScode_Template/c_template/ws/build/CMakeFiles/CMakeScratch/TryCompile-3DZuk8

Run Build Command(s):/usr/bin/ninja cmTC_0fdec && [1/2] Building CXX object CMakeFiles/cmTC_0fdec.dir/CMakeCXXCompilerABI.cpp.o
Ubuntu clang version 14.0.0-1ubuntu1.1
Target: x86_64-pc-linux-gnu
Thread model: posix
InstalledDir: /usr/bin
Found candidate GCC installation: /usr/bin/../lib/gcc/x86_64-linux-gnu/10
Found candidate GCC installation: /usr/bin/../lib/gcc/x86_64-linux-gnu/11
Found candidate GCC installation: /usr/bin/../lib/gcc/x86_64-linux-gnu/12
Selected GCC installation: /usr/bin/../lib/gcc/x86_64-linux-gnu/12
Candidate multilib: .;@m64
Selected multilib: .;@m64
Found CUDA installation: /usr/local/cuda-12.1, version 
 (in-process)
 "/usr/lib/llvm-14/bin/clang" -cc1 -triple x86_64-pc-linux-gnu -emit-obj -mrelax-all --mrelax-relocations -disable-free -clear-ast-before-backend -disable-llvm-verifier -discard-value-names -main-file-name CMakeCXXCompilerABI.cpp -mrelocation-model pic -pic-level 2 -pic-is-pie -mframe-pointer=all -fmath-errno -ffp-contract=on -fno-rounding-math -mconstructor-aliases -funwind-tables=2 -target-cpu x86-64 -tune-cpu generic -mllvm -treat-scalable-fixed-error-as-warning -debugger-tuning=gdb -v -fcoverage-compilation-dir=/home/wys/Desktop/VScode_Template/c_template/ws/build/CMakeFiles/CMakeScratch/TryCompile-3DZuk8 -resource-dir /usr/lib/llvm-14/lib/clang/14.0.0 -dependency-file CMakeFiles/cmTC_0fdec.dir/CMakeCXXCompilerABI.cpp.o.d -MT CMakeFiles/cmTC_0fdec.dir/CMakeCXXCompilerABI.cpp.o -sys-header-deps -cxx-isystem /usr/include/c++/12 -internal-isystem /usr/bin/../lib/gcc/x86_64-linux-gnu/12/../../../../include/c++/12 -internal-isystem /usr/bin/../lib/gcc/x86_64-linux-gnu/12/../../../../include/x86_64-linux-gnu/c++/12 -internal-isystem /usr/bin/../lib/gcc/x86_64-linux-gnu/12/../../../../include/c++/12/backward -internal-isystem /usr/lib/llvm-14/lib/clang/14.0.0/include -internal-isystem /usr/local/include -internal-isystem /usr/bin/../lib/gcc/x86_64-linux-gnu/12/../../../../x86_64-linux-gnu/include -internal-externc-isystem /usr/include/x86_64-linux-gnu -internal-externc-isystem /include -internal-externc-isystem /usr/include -fdeprecated-macro -fdebug-compilation-dir=/home/wys/Desktop/VScode_Template/c_template/ws/build/CMakeFiles/CMakeScratch/TryCompile-3DZuk8 -ferror-limit 19 -fgnuc-version=4.2.1 -fcxx-exceptions -fexceptions -faddrsig -D__GCC_HAVE_DWARF2_CFI_ASM=1 -o CMakeFiles/cmTC_0fdec.dir/CMakeCXXCompilerABI.cpp.o -x c++ /usr/share/cmake-3.25/Modules/CMakeCXXCompilerABI.cpp
clang -cc1 version 14.0.0 based upon LLVM 14.0.0 default target x86_64-pc-linux-gnu
ignoring nonexistent directory "/usr/bin/../lib/gcc/x86_64-linux-gnu/12/../../../../x86_64-linux-gnu/include"
ignoring nonexistent directory "/include"
ignoring duplicate directory "/usr/include/c++/12"
#include "..." search starts here:
#include <...> search starts here:
 /usr/include/c++/12
 /usr/bin/../lib/gcc/x86_64-linux-gnu/12/../../../../include/x86_64-linux-gnu/c++/12
 /usr/bin/../lib/gcc/x86_64-linux-gnu/12/../../../../include/c++/12/backward
 /usr/lib/llvm-14/lib/clang/14.0.0/include
 /usr/local/include
 /usr/include/x86_64-linux-gnu
 /usr/include
End of search list.
[2/2] Linking CXX executable cmTC_0fdec
Ubuntu clang version 14.0.0-1ubuntu1.1
Target: x86_64-pc-linux-gnu
Thread model: posix
InstalledDir: /usr/bin
Found candidate GCC installation: /usr/bin/../lib/gcc/x86_64-linux-gnu/10
Found candidate GCC installation: /usr/bin/../lib/gcc/x86_64-linux-gnu/11
Found candidate GCC installation: /usr/bin/../lib/gcc/x86_64-linux-gnu/12
Selected GCC installation: /usr/bin/../lib/gcc/x86_64-linux-gnu/12
Candidate multilib: .;@m64
Selected multilib: .;@m64
Found CUDA installation: /usr/local/cuda-12.1, version 
 "/usr/bin/ld" -pie -export-dynamic -z relro --hash-style=gnu --build-id --eh-frame-hdr -m elf_x86_64 -export-dynamic -dynamic-linker /lib64/ld-linux-x86-64.so.2 -o cmTC_0fdec /lib/x86_64-linux-gnu/Scrt1.o /lib/x86_64-linux-gnu/crti.o /usr/bin/../lib/gcc/x86_64-linux-gnu/12/crtbeginS.o -L/usr/bin/../lib/gcc/x86_64-linux-gnu/12 -L/usr/bin/../lib/gcc/x86_64-linux-gnu/12/../../../../lib64 -L/lib/x86_64-linux-gnu -L/lib/../lib64 -L/usr/lib/x86_64-linux-gnu -L/usr/lib/../lib64 -L/usr/lib/llvm-14/bin/../lib -L/lib -L/usr/lib CMakeFiles/cmTC_0fdec.dir/CMakeCXXCompilerABI.cpp.o -lstdc++ -lm -lgcc_s -lgcc -lc -lgcc_s -lgcc /usr/bin/../lib/gcc/x86_64-linux-gnu/12/crtendS.o /lib/x86_64-linux-gnu/crtn.o



Parsed CXX implicit include dir info from above output: rv=done
  found start of include info
  found start of implicit include info
    add: [/usr/include/c++/12]
    add: [/usr/bin/../lib/gcc/x86_64-linux-gnu/12/../../../../include/x86_64-linux-gnu/c++/12]
    add: [/usr/bin/../lib/gcc/x86_64-linux-gnu/12/../../../../include/c++/12/backward]
    add: [/usr/lib/llvm-14/lib/clang/14.0.0/include]
    add: [/usr/local/include]
    add: [/usr/include/x86_64-linux-gnu]
    add: [/usr/include]
  end of search list found
  collapse include dir [/usr/include/c++/12] ==> [/usr/include/c++/12]
  collapse include dir [/usr/bin/../lib/gcc/x86_64-linux-gnu/12/../../../../include/x86_64-linux-gnu/c++/12] ==> [/usr/include/x86_64-linux-gnu/c++/12]
  collapse include dir [/usr/bin/../lib/gcc/x86_64-linux-gnu/12/../../../../include/c++/12/backward] ==> [/usr/include/c++/12/backward]
  collapse include dir [/usr/lib/llvm-14/lib/clang/14.0.0/include] ==> [/usr/lib/llvm-14/lib/clang/14.0.0/include]
  collapse include dir [/usr/local/include] ==> [/usr/local/include]
  collapse include dir [/usr/include/x86_64-linux-gnu] ==> [/usr/include/x86_64-linux-gnu]
  collapse include dir [/usr/include] ==> [/usr/include]
  implicit include dirs: [/usr/include/c++/12;/usr/include/x86_64-linux-gnu/c++/12;/usr/include/c++/12/backward;/usr/lib/llvm-14/lib/clang/14.0.0/include;/usr/local/include;/usr/include/x86_64-linux-gnu;/usr/include]


Parsed CXX implicit link information from above output:
  link line regex: [^( *|.*[/\])(ld|CMAKE_LINK_STARTFILE-NOTFOUND|([^/\]+-)?ld|collect2)[^/\]*( |$)]
  ignore line: [Change Dir: /home/wys/Desktop/VScode_Template/c_template/ws/build/CMakeFiles/CMakeScratch/TryCompile-3DZuk8]
  ignore line: []
  ignore line: [Run Build Command(s):/usr/bin/ninja cmTC_0fdec && [1/2] Building CXX object CMakeFiles/cmTC_0fdec.dir/CMakeCXXCompilerABI.cpp.o]
  ignore line: [Ubuntu clang version 14.0.0-1ubuntu1.1]
  ignore line: [Target: x86_64-pc-linux-gnu]
  ignore line: [Thread model: posix]
  ignore line: [InstalledDir: /usr/bin]
  ignore line: [Found candidate GCC installation: /usr/bin/../lib/gcc/x86_64-linux-gnu/10]
  ignore line: [Found candidate GCC installation: /usr/bin/../lib/gcc/x86_64-linux-gnu/11]
  ignore line: [Found candidate GCC installation: /usr/bin/../lib/gcc/x86_64-linux-gnu/12]
  ignore line: [Selected GCC installation: /usr/bin/../lib/gcc/x86_64-linux-gnu/12]
  ignore line: [Candidate multilib: .]
  ignore line: [@m64]
  ignore line: [Selected multilib: .]
  ignore line: [@m64]
  ignore line: [Found CUDA installation: /usr/local/cuda-12.1  version ]
  ignore line: [ (in-process)]
  ignore line: [ "/usr/lib/llvm-14/bin/clang" -cc1 -triple x86_64-pc-linux-gnu -emit-obj -mrelax-all --mrelax-relocations -disable-free -clear-ast-before-backend -disable-llvm-verifier -discard-value-names -main-file-name CMakeCXXCompilerABI.cpp -mrelocation-model pic -pic-level 2 -pic-is-pie -mframe-pointer=all -fmath-errno -ffp-contract=on -fno-rounding-math -mconstructor-aliases -funwind-tables=2 -target-cpu x86-64 -tune-cpu generic -mllvm -treat-scalable-fixed-error-as-warning -debugger-tuning=gdb -v -fcoverage-compilation-dir=/home/wys/Desktop/VScode_Template/c_template/ws/build/CMakeFiles/CMakeScratch/TryCompile-3DZuk8 -resource-dir /usr/lib/llvm-14/lib/clang/14.0.0 -dependency-file CMakeFiles/cmTC_0fdec.dir/CMakeCXXCompilerABI.cpp.o.d -MT CMakeFiles/cmTC_0fdec.dir/CMakeCXXCompilerABI.cpp.o -sys-header-deps -cxx-isystem /usr/include/c++/12 -internal-isystem /usr/bin/../lib/gcc/x86_64-linux-gnu/12/../../../../include/c++/12 -internal-isystem /usr/bin/../lib/gcc/x86_64-linux-gnu/12/../../../../include/x86_64-linux-gnu/c++/12 -internal-isystem /usr/bin/../lib/gcc/x86_64-linux-gnu/12/../../../../include/c++/12/backward -internal-isystem /usr/lib/llvm-14/lib/clang/14.0.0/include -internal-isystem /usr/local/include -internal-isystem /usr/bin/../lib/gcc/x86_64-linux-gnu/12/../../../../x86_64-linux-gnu/include -internal-externc-isystem /usr/include/x86_64-linux-gnu -internal-externc-isystem /include -internal-externc-isystem /usr/include -fdeprecated-macro -fdebug-compilation-dir=/home/wys/Desktop/VScode_Template/c_template/ws/build/CMakeFiles/CMakeScratch/TryCompile-3DZuk8 -ferror-limit 19 -fgnuc-version=4.2.1 -fcxx-exceptions -fexceptions -faddrsig -D__GCC_HAVE_DWARF2_CFI_ASM=1 -o CMakeFiles/cmTC_0fdec.dir/CMakeCXXCompilerABI.cpp.o -x c++ /usr/share/cmake-3.25/Modules/CMakeCXXCompilerABI.cpp]
  ignore line: [clang -cc1 version 14.0.0 based upon LLVM 14.0.0 default target x86_64-pc-linux-gnu]
  ignore line: [ignoring nonexistent directory "/usr/bin/../lib/gcc/x86_64-linux-gnu/12/../../../../x86_64-linux-gnu/include"]
  ignore line: [ignoring nonexistent directory "/include"]
  ignore line: [ignoring duplicate directory "/usr/include/c++/12"]
  ignore line: [#include "..." search starts here:]
  ignore line: [#include <...> search starts here:]
  ignore line: [ /usr/include/c++/12]
  ignore line: [ /usr/bin/../lib/gcc/x86_64-linux-gnu/12/../../../../include/x86_64-linux-gnu/c++/12]
  ignore line: [ /usr/bin/../lib/gcc/x86_64-linux-gnu/12/../../../../include/c++/12/backward]
  ignore line: [ /usr/lib/llvm-14/lib/clang/14.0.0/include]
  ignore line: [ /usr/local/include]
  ignore line: [ /usr/include/x86_64-linux-gnu]
  ignore line: [ /usr/include]
  ignore line: [End of search list.]
  ignore line: [[2/2] Linking CXX executable cmTC_0fdec]
  ignore line: [Ubuntu clang version 14.0.0-1ubuntu1.1]
  ignore line: [Target: x86_64-pc-linux-gnu]
  ignore line: [Thread model: posix]
  ignore line: [InstalledDir: /usr/bin]
  ignore line: [Found candidate GCC installation: /usr/bin/../lib/gcc/x86_64-linux-gnu/10]
  ignore line: [Found candidate GCC installation: /usr/bin/../lib/gcc/x86_64-linux-gnu/11]
  ignore line: [Found candidate GCC installation: /usr/bin/../lib/gcc/x86_64-linux-gnu/12]
  ignore line: [Selected GCC installation: /usr/bin/../lib/gcc/x86_64-linux-gnu/12]
  ignore line: [Candidate multilib: .]
  ignore line: [@m64]
  ignore line: [Selected multilib: .]
  ignore line: [@m64]
  ignore line: [Found CUDA installation: /usr/local/cuda-12.1  version ]
  link line: [ "/usr/bin/ld" -pie -export-dynamic -z relro --hash-style=gnu --build-id --eh-frame-hdr -m elf_x86_64 -export-dynamic -dynamic-linker /lib64/ld-linux-x86-64.so.2 -o cmTC_0fdec /lib/x86_64-linux-gnu/Scrt1.o /lib/x86_64-linux-gnu/crti.o /usr/bin/../lib/gcc/x86_64-linux-gnu/12/crtbeginS.o -L/usr/bin/../lib/gcc/x86_64-linux-gnu/12 -L/usr/bin/../lib/gcc/x86_64-linux-gnu/12/../../../../lib64 -L/lib/x86_64-linux-gnu -L/lib/../lib64 -L/usr/lib/x86_64-linux-gnu -L/usr/lib/../lib64 -L/usr/lib/llvm-14/bin/../lib -L/lib -L/usr/lib CMakeFiles/cmTC_0fdec.dir/CMakeCXXCompilerABI.cpp.o -lstdc++ -lm -lgcc_s -lgcc -lc -lgcc_s -lgcc /usr/bin/../lib/gcc/x86_64-linux-gnu/12/crtendS.o /lib/x86_64-linux-gnu/crtn.o]
    arg [/usr/bin/ld] ==> ignore
    arg [-pie] ==> ignore
    arg [-export-dynamic] ==> ignore
    arg [-zrelro] ==> ignore
    arg [--hash-style=gnu] ==> ignore
    arg [--build-id] ==> ignore
    arg [--eh-frame-hdr] ==> ignore
    arg [-m] ==> ignore
    arg [elf_x86_64] ==> ignore
    arg [-export-dynamic] ==> ignore
    arg [-dynamic-linker] ==> ignore
    arg [/lib64/ld-linux-x86-64.so.2] ==> ignore
    arg [-o] ==> ignore
    arg [cmTC_0fdec] ==> ignore
    arg [/lib/x86_64-linux-gnu/Scrt1.o] ==> obj [/lib/x86_64-linux-gnu/Scrt1.o]
    arg [/lib/x86_64-linux-gnu/crti.o] ==> obj [/lib/x86_64-linux-gnu/crti.o]
    arg [/usr/bin/../lib/gcc/x86_64-linux-gnu/12/crtbeginS.o] ==> obj [/usr/bin/../lib/gcc/x86_64-linux-gnu/12/crtbeginS.o]
    arg [-L/usr/bin/../lib/gcc/x86_64-linux-gnu/12] ==> dir [/usr/bin/../lib/gcc/x86_64-linux-gnu/12]
    arg [-L/usr/bin/../lib/gcc/x86_64-linux-gnu/12/../../../../lib64] ==> dir [/usr/bin/../lib/gcc/x86_64-linux-gnu/12/../../../../lib64]
    arg [-L/lib/x86_64-linux-gnu] ==> dir [/lib/x86_64-linux-gnu]
    arg [-L/lib/../lib64] ==> dir [/lib/../lib64]
    arg [-L/usr/lib/x86_64-linux-gnu] ==> dir [/usr/lib/x86_64-linux-gnu]
    arg [-L/usr/lib/../lib64] ==> dir [/usr/lib/../lib64]
    arg [-L/usr/lib/llvm-14/bin/../lib] ==> dir [/usr/lib/llvm-14/bin/../lib]
    arg [-L/lib] ==> dir [/lib]
    arg [-L/usr/lib] ==> dir [/usr/lib]
    arg [CMakeFiles/cmTC_0fdec.dir/CMakeCXXCompilerABI.cpp.o] ==> ignore
    arg [-lstdc++] ==> lib [stdc++]
    arg [-lm] ==> lib [m]
    arg [-lgcc_s] ==> lib [gcc_s]
    arg [-lgcc] ==> lib [gcc]
    arg [-lc] ==> lib [c]
    arg [-lgcc_s] ==> lib [gcc_s]
    arg [-lgcc] ==> lib [gcc]
    arg [/usr/bin/../lib/gcc/x86_64-linux-gnu/12/crtendS.o] ==> obj [/usr/bin/../lib/gcc/x86_64-linux-gnu/12/crtendS.o]
    arg [/lib/x86_64-linux-gnu/crtn.o] ==> obj [/lib/x86_64-linux-gnu/crtn.o]
  collapse obj [/usr/bin/../lib/gcc/x86_64-linux-gnu/12/crtbeginS.o] ==> [/usr/lib/gcc/x86_64-linux-gnu/12/crtbeginS.o]
  collapse obj [/usr/bin/../lib/gcc/x86_64-linux-gnu/12/crtendS.o] ==> [/usr/lib/gcc/x86_64-linux-gnu/12/crtendS.o]
  collapse library dir [/usr/bin/../lib/gcc/x86_64-linux-gnu/12] ==> [/usr/lib/gcc/x86_64-linux-gnu/12]
  collapse library dir [/usr/bin/../lib/gcc/x86_64-linux-gnu/12/../../../../lib64] ==> [/usr/lib64]
  collapse library dir [/lib/x86_64-linux-gnu] ==> [/lib/x86_64-linux-gnu]
  collapse library dir [/lib/../lib64] ==> [/lib64]
  collapse library dir [/usr/lib/x86_64-linux-gnu] ==> [/usr/lib/x86_64-linux-gnu]
  collapse library dir [/usr/lib/../lib64] ==> [/usr/lib64]
  collapse library dir [/usr/lib/llvm-14/bin/../lib] ==> [/usr/lib/llvm-14/lib]
  collapse library dir [/lib] ==> [/lib]
  collapse library dir [/usr/lib] ==> [/usr/lib]
  implicit libs: [stdc++;m;gcc_s;gcc;c;gcc_s;gcc]
  implicit objs: [/lib/x86_64-linux-gnu/Scrt1.o;/lib/x86_64-linux-gnu/crti.o;/usr/lib/gcc/x86_64-linux-gnu/12/crtbeginS.o;/usr/lib/gcc/x86_64-linux-gnu/12/crtendS.o;/lib/x86_64-linux-gnu/crtn.o]
  implicit dirs: [/usr/lib/gcc/x86_64-linux-gnu/12;/usr/lib64;/lib/x86_64-linux-gnu;/lib64;/usr/lib/x86_64-linux-gnu;/usr/lib/llvm-14/lib;/lib;/usr/lib]
  implicit fwks: []


